flashcard_id,word,meaning,word_type,example_sentence
d2359d73-7852-4ec9-a0cc-212cbc6d830b,を,particle used to indicate the direct object of a verb,,
68efb2aa-4625-4058-bf71-1982d06aeed1,会う,"to meet, to see",,
a026df7d-f687-44e6-bd4b-572a7fc5d7be,かける,"to dial/call (e.g., phone); to hang (something) up; to sit down",,
4bc4d821-365b-40e7-aed0-34a4ec39c0e6,違う,to be different; to differ; to be wrong,,
e7e6b3fb-2442-447a-9731-934afd68b10a,大勢,a large number of people,,
84be49b6-5c23-4304-af31-2c3281a1fb89,電気,"electricity, electric light",,
bef65e07-dd1c-4949-8353-933850f730d3,あの,that over there; um...,,
5c68cd3d-f622-4381-a036-0316fcc1168f,廊下,a long passage or hallway in a building,,
0ce57d90-90a9-4727-99f9-935ed3582b72,上着,"coat, jacket",,
4fd7ba15-6222-4fe1-95ea-2eebbc8ff4cf,シャワー,shower,,
77e38f5b-ffb6-4840-8ee2-d3f6a4e92692,どんな,what kind of,,
1b9998cb-229b-4061-a0cf-9e4cdbb29fa0,ズボン,trousers,,
ac120e70-c648-4465-ad1e-09905723eb3d,物,thing (concrete object),,
1ff3bd2e-815a-4222-a1bc-521d6b2045b9,があります,there is; there are (for non-living things),,
4ad3d951-a68b-403f-9a9c-ae5ae49a26cd,重い,heavy; serious,,
f3d63637-79a4-446a-95e3-c930d4ea3e88,緑,green,,
4d316519-67aa-46a3-8ccd-1ae14949d9af,寒い,cold (in reference to weather),,
d56d35ea-1a49-4fa8-9733-c9ce353a3117,フィルム,フィルムは写真を撮るためのロールです。,,
ea4334d6-0c10-4b18-aacb-202ceef0bda5,台所,kitchen,,
a4d3dd31-8512-419d-8ed3-7b86515fabc9,楽しい,"enjoyable, fun",,
5e5141c5-9a28-4a7f-a17f-83805c4e72e1,コート,コートは、外で着る服の一種です。また、テニスなどのスポーツをする場所を指すこともあります。,,
e90690a5-7175-4062-b334-09e817d34a18,ベッド,bed,,
b7b21a85-51d2-4f4a-af8e-aef2f4dff810,大変,"very; difficult, hard",,
01b74774-6311-477a-9485-a72c11fbd752,長い,"long, lengthy",,
700c76df-aded-447f-97bb-560a1e989eff,川,river,,
590d1246-a893-493b-b93d-0eb4e0c75d27,嫌,"disagreeable, unpleasant",,
8f5f4b97-fd8a-4c6d-b3c1-8943dac02bb5,汚い,"dirty, unclean, filthy",,
ce50e468-efbb-4fd8-92a9-3577700cdc1b,難しい,difficult,,
4f013eef-9d0d-410d-a2e7-992c67f2a9a7,女,"woman, female",,
af1c0696-5afe-4f05-a325-8ca711b918b4,雨,rain,,
1a51d9fa-5942-4fcf-a89c-20e40e8565aa,こんな,"such, like this",,
fe2382eb-8ec5-4b95-ba15-53a7d3030e09,自転車,bicycle,,
2b80638b-9dcf-40e6-a048-c58b672d424f,カップ,a cup,,
77732b54-b932-4a39-920e-e0dbb62ed183,易しい,"easy, simple",,
298aeb68-d91e-4926-8b8b-9404fb327153,曇り,"cloudiness, cloudy weather",,
3f5818d3-8db7-4e4f-9d6e-feb77fc8a390,丁度,"just, right, exactly",,
21b67a2f-f28c-4c65-9736-1b93db9976ff,細い,"thin, slender, fine",,
bfca3dfe-68f7-4aca-b2cb-181ad4f5894a,顔,face (the front part of the head),,
f4b18f6e-f6df-4dab-b40a-80856aa0dd6f,面白い,"interesting, fun",,
cb1286cf-fba4-46a4-b728-2581ca255447,問題,a problem,,
6d2fd9a7-fe23-48ef-a285-d77f95342f7f,涼しい,"cool, refreshing (especially in reference to weather)",,
e4e6ef8e-55cb-4a59-9031-2d61787d68fc,先,the future; the previous part,,
e3fda17b-d347-4c03-94bb-621e4667c155,白い,white,,
9626cfd2-89e6-48f5-8efb-136f5a8340fa,悪い,bad; not good,,
fed9bae4-6faf-4117-8ecf-053167f02ae8,茶色,brown,,
6bce94e7-3861-48cd-86df-dfcd2af17718,黄色,yellow,,
de719c63-0a31-4aa3-ba16-33f3aaabd61e,冷蔵庫,refrigerator,,
5b0187e6-6664-4fb5-955b-4de7617bfe70,映画,"movie, film",,
d3d293b6-d72d-4dd1-ad7b-72c416c72029,薄い,"thin, weak",,
1c57a6fd-9ae5-448b-9088-17a0e06a92a8,門,gate,,
817a2ef7-6ba4-4e86-9fc0-c6e89ee39ffe,黒い,black; dark,,
5a656a57-8270-48f8-9833-6585b086ba1f,山,mountain,,
a228d6b1-2202-4864-ba0f-64464e1a7392,歌,a song,,
884d51b1-eb89-42f3-92ec-a49e05510e9c,な-adjectives,な形容詞 (na-adjectives) are adjectives that require 'な' when modifying nouns.,,
91c5767a-6bcd-4bbb-8728-29ba86d118c0,春,spring,,
7d0050a1-d58b-462e-a3fd-47dfc6bb1589,晴れ,clear (sunny) weather,,
90cd9831-2741-4bc6-b0d8-919bf54cbd2d,大好き,to like very much; to love,,
f630d364-69ac-46de-9c49-0b64e2dcc129,美味しい,"delicious, tasty",,
03e52abb-9f24-4856-bee0-d17c58a14a30,その,that (used before a noun),,
20cb0e5c-e41c-420b-9ee4-b4488663b1e5,呼ぶ,to call (someone's name); to invite,,
0fec3e0a-8194-44db-bfb7-a9ff6926ff12,聞く,"to hear, to listen, to ask",,
ddc6519a-1b15-48a2-86ef-6f8aeed1661a,散歩,"walk, stroll",,
861078e5-5f25-447d-9aee-cccf3be4c3f0,並ぶ,"to line up, to stand in a line",,
3f9c59b1-611e-4d24-a34c-0ea7534194a7,一緒に,together,,
0d8823f4-4dbc-4d01-83cc-57535c288d83,一緒,together,,
7ccf0494-54e9-4f1c-bff1-de6b2a7ce261,まだ,"yet, still",,
7789367f-fa85-48ec-a66d-731081b1052d,並べる,to put (things) side by side; to line up,,
d0a6f578-b6c8-4673-b545-8725743bb899,時々,sometimes,,
4db90ea9-e769-4405-a984-23441d0c19f1,見せる,"to show, to display",,
2ca79bca-478a-4201-9034-61035076accf,降る,"to fall (e.g., rain, snow, etc.)",,
cb5aa400-4076-47ac-9701-db0fdb841293,いつも,always; usually; habitually,,
7596f227-e76d-47c0-b8fd-22a6a96d7239,中,"during, while ~ing",,
e6abe0cc-3377-43a4-ba84-bbd34e9c1e52,たい,to want to do something,,
a9a349f1-7243-4413-8b00-41792c447285,困る,"to be troubled, to have difficulty",,
2b6f5457-0d3a-4354-b29d-4bff90855bf9,弾く,to play (a string instrument or piano),,
314bdff3-bf6f-4447-8880-03c546ef6c81,渡す,to hand (something) over; to pass (something),,
8e4ee19a-972f-44c9-9ee2-48ab57bfb835,てから,after doing~,,
1345c5f2-a649-4a94-a2a2-3e581c47ddc6,降りる,to get off,,
41329c0f-897f-4965-af59-ed844d7e0254,すぐに,"immediately, soon",,
a75e34e0-4341-465f-8979-fd1904b3e474,遊ぶ,to play; to have fun,,
fefd7157-a7c6-4dfc-9a24-b2cc6a28bf12,できる,to be able to (to accomplish),,
3f4bae41-3d04-474e-b17c-86875dc4eaf2,登る,to climb,,
8650b718-c133-43ad-9555-efd4cdd93648,いつも,"always, usually, every time",,
4d30f3d6-8490-4484-a90a-3ea72208d051,咲く,to bloom,,
8e48446e-fa6f-4fc4-9edd-baa25549f303,飛ぶ,"to fly, to hop",,
338e7785-09cb-4d7b-89b7-a42132601e35,掃除,"cleaning, sweeping",,
32345fca-b07d-49e0-b200-bacb68af58eb,二日,two days; the second day of the month,,
017235eb-7614-4d6b-b79c-76b647685a25,ている,indicates an ongoing action or current state,,
06c2ba22-a11c-4b88-922c-20820fe5da3b,～中,"during, while",,
93f0a512-976d-41de-acb2-4daf34b105af,暇,"free time, leisure",,
4a664a33-fdc8-4134-b50c-132d39d89f52,差す,"to raise (stretch out) hands, to hold up (e.g., an umbrella)",,
041dc74a-d19c-4f97-b03e-6272794005b0,曲る,"to turn, to bend",,
cbcf544a-6b7e-47bf-9031-6ce42b6de976,スポーツ,スポーツは体を動かす活動です。,,
58f6afcc-50a8-4f29-9b59-6132f855d049,渡る,"to cross over, to go across",,
fd0cfe14-e13d-41a0-897f-26ee5e35e790,浴びる,"to bathe, to shower",,
75d58f6a-3221-4ba8-9a2b-917cecd61887,忘れる,to forget,,
5f888cd6-2526-4180-86da-db6338023439,出る,"to go out, to leave, to appear",,
1b651c25-1f82-4f09-80a6-1437a64d0438,締める,"to tie, to fasten, to tighten",,
0c8c7bf3-cc73-4789-bad8-d70feec32cb5,分かる,to understand,,
8e363f18-c36f-4828-a725-572dc52149ec,地図,a map,,
3bb6041f-3f45-412c-adab-f08618bb72df,のが好き,to like doing something,,
1f8c6e81-887b-4cbe-8b87-29f861afde6e,撮る,"to take (a photo), to shoot (a film)",,
ad5c8143-c10f-4595-ad03-a92c0a3d92cd,疲れる,to get tired; to become fatigued,,
fb4171f8-8e84-44cf-96a8-723fab8cd07a,練習,(to) practice,,
321ad654-7a31-4ae9-9c41-4d789a8b043b,居る,"(humble) to be (animate), to exist",,
9400f700-3a48-4d2a-9027-45f6bb4f0a14,鳴く,to cry (of animals),,
3068651e-7459-493c-8f9e-a1df5e436b3a,答える,"to answer, to reply",,
d092b5eb-19ad-4754-a6a0-bc867756b2a9,入れる,to put in,,
6db38b82-a196-44ac-bb39-085e01a284ea,覚える,"to learn, to remember, to memorize",,
7c84e1a3-ae45-4ac1-a4dd-96b44e5a67d0,出す,to take (something) out; to submit (something),,
a54d30ee-e845-4a04-b7d2-3b9a78960e44,始まる,(something) begins,,
61ff7aaf-c9fc-4564-9007-f69d979e436e,貼る,to post; to paste; to attach,,
12120fa8-43a3-4809-8cb9-a620ee2defd8,消える,to disappear,,
31c06391-d50b-4c14-b17c-b5dd6bb1f881,借りる,to borrow,,
de6b4218-051b-4dfd-a499-699304dfe9e1,歌う,to sing,,
84f3d48e-6f95-410b-babb-2d1ca3b50101,エレベーター,elevator,,
787ba4a6-2a93-4c91-b68f-9ff79a6de002,辛い,spicy; hot (in taste),,
6e7d9e46-a5d3-4e26-b7cd-b972f15f6673,もっと,more,,
f2455b7e-45b4-4e0f-9da5-45bc4d6d2773,夕方,"late afternoon (just before dinner time), evening",,
300f7d36-1319-4bda-8a4c-d129970d437e,眼鏡,glasses,,
c5f4b42c-ef0b-4c91-809c-40b3131024e5,青い,blue,,
41d576d9-a21f-4232-934f-d42955e7c43e,本棚,a shelf for holding books; bookshelf,,
5805df91-098a-44e1-a876-8831ab96c16d,部屋,a room,,
d4034713-617e-4ad6-b207-bddb45329b1e,秋,autumn (season),,
912c3419-f43b-48ee-b299-21e3c240d79e,手,hand,,
b851b8b3-ea10-4eef-9e67-5fd0a286ef7d,時計,a watch; a clock,,
a6058c14-29d0-4111-bafe-e6faef38dcbe,丸い; 円い,"round, circular",,
3de15d8a-5120-45f3-92a2-f849ba2f4505,花瓶,(flower) vase,,
9971f4ba-b01e-4082-a1ad-488c4601c456,に/へ,to (indicates direction or destination),,
68a5a64c-f12d-47e5-8d51-bcb2464704dc,ストーブ,heater (a device for warming a room),,
6f91f85f-82a8-491d-a42e-0d4c0d7b2aac,色,color,,
8a1238fd-6843-415d-a6ab-858fea404a1b,万年筆,fountain pen,,
1b9eb48b-e1a7-41fc-a587-50c71e6df442,所,place,,
a0247a14-1fe6-430e-a011-b5c4210d5b9c,まで,until ~; as far as ~; to (an extent); even ~,,
a740c19f-0eb6-4ff3-9426-2ac25e694631,上,"above, on top of",,
4a7cc695-d743-4e91-967c-f0241c6a9fde,右,right side,,
1af1a3ea-95d6-40a3-a62a-f9ab4a4576d0,向こう,"over there, beyond",,
451c6bda-9dfd-4d3c-a06d-33940efe80a9,～前,in front of ~,,
1bfe332e-7719-4eeb-832e-a6fe77a401a6,辺,"area, vicinity",,
b8ef80f6-208b-4a20-b6a6-15113845cd69,階段,stairs,,
82a11ed5-025f-4471-b1fc-e72ea82b6471,玄関,entrance (to a house or a building),,
767b38f3-54db-42ab-a3ad-21ec95dd0cfc,左,left side,,
cd2790a6-5577-4600-942f-2d4c91bc6056,隣,"next to, next door to",,
020296fc-bcab-4067-9c61-3fbb57e6eb40,前に,before ~; in front of ~,,
da6e39b1-2300-4de4-8fc0-0c40d7d97b7b,がいます,there is; to be (for living things),,
8b3aa142-53ab-4cc3-9403-7fb66ad59bfe,後ろ,"back, behind, rear",,
b4b6650a-a495-4544-b326-d42f9d8cc958,誰か,someone,,
c5fa0ceb-66fb-4107-8d7c-3dbd77f680c7,西,west,,
9d56351f-960d-4a22-8908-568eca8b810f,～側,~ side,,
dca90563-ee10-47c5-9299-2fec4f2b7e1f,下,"under, below, beneath",,
cfacdafd-6291-40cc-9693-66cca893d2b7,東,east,,
ff2e449d-86f5-4ac4-8289-d76b2bf8bf6d,交差点,A place where two or more roads meet; an intersection.,,
8ba04e24-554d-4b8c-9c0b-2fb1cfda11e5,前,"before, in front",,
268e9cf7-0899-42d9-859a-70b660e2ce28,～人,counter for people,,
24ec74c9-85a6-4a0f-a0a9-4ba2c4b51766,電車,electric train,,
862f75f3-62cd-4ed4-9a90-03be824afabf,外,"outside, exterior",,
fb788423-f84e-45ad-bf47-e4d3e57a9b9a,中,"inside, middle, among",,
25b2c4ff-a969-4a31-8c16-0c343ffffd74,ここ,"here, this place",,
71552aaa-9b77-4582-8c0e-8b5ced0c7524,一月,one month,,
1cf3c962-d81e-4290-b6e9-eda5045a756f,南,South,,
360c2e2c-ba32-427c-afa7-487ce1588c58,交番,A small police station or police box where officers are stationed to assist the public.,,
4367fafc-9d23-4ebd-a45d-e279339cc455,北,north,,
76224d50-8b01-4c4f-b133-36dfd3db41e6,駅,station,,
33892e2b-6200-46e5-a564-2cb8bd22923d,銀行,a place where money is kept and managed; a financial institution,,
be51d56e-5734-423c-ae42-ca29d2e9768a,入口,The correct meaning is 'entrance'.,,
33a0fbd5-78f2-4f8e-a23e-4fa1903eb859,着く,"to arrive at, to reach",,
c285426b-b4f5-4a77-81ed-55c6e4bd69e9,郵便局,post office,,
e7416505-2e79-41c6-b686-b321b9077d86,お手洗い,"toilet, restroom, bathroom (a place to wash one's hands)",,
fc5baf64-877d-4bed-a63a-de7c54ee7e72,バス,bus,,
7e3e06e9-a04c-484b-a10f-f42511c28a28,大使館,a place where a country's representatives work and help citizens,,
2430e8b3-44bd-4320-956e-f2d7e1240056,道,"road, street; way, directions",,
e2e0300a-2ffb-4696-aa15-e1ccccacf84f,ある,to be; to have (for inanimate objects),,
924ec5fc-00b5-4792-9b66-c9768722ef51,二十歳,20 years old,,
b7cfb438-3383-4e0d-bfcd-a7cd37cb8ba7,横,side; next to,,
5ac6cfc1-90c1-4592-bffe-848fc0ed0493,近く,nearby; in the neighborhood,,
935777f1-e2bf-4fd1-ac27-fe3b63ea3d01,～本,counter for long cylindrical objects,,
266eb48d-faf1-41cf-a965-a803a181a177,キロ; キログラム,kilo (kilogram),,
0a0a95f1-dde0-4ac5-bf3c-8b29ed6e7bcf,や,and; or; connecting particle,,
c4464426-7cc9-4807-8f47-15068c65cd9d,～月,month,,
553d1056-7697-45cd-bb99-69f752b0484c,千,thousand,,
90c93cd9-8a6d-4267-bbc7-af8905c6077e,半分,half,,
59936239-e621-4c38-8ba4-68a372749e13,七日,seven days; the seventh day of the month,,
5a838667-2032-46e9-adb0-41dcfbd49e92,六,six,,
f4f2a40d-8369-4ac1-a239-02a22c631869,～くらい; ぐらい,approximately; about,,
06941172-14ab-47f4-a374-a5c115a04c0d,一,one,,
e8d939cd-0b89-4aea-b58a-fbe5525c5470,[A]は[B]より・・・です,[A] is more ~ than [B],,
a767827d-8152-47d4-af37-7cc9a1a6370c,八つ,eight (things),,
d0c18959-b2af-4553-9e16-ba7a91f0ff83,九つ,nine (things),,
03249a7a-57db-4a38-9cb0-0782039aec69,～回,counter for occurrences (~ times),,
7f43efd4-0be2-44a1-8d87-acbf6338acae,キロ; キロメートル,キロメートルの略語で、距離の単位です。,,
62f2b811-2cf3-4096-84fd-3084f518f42d,～台,counter for vehicles and machines,,
3511c2de-1bac-41c1-84bb-fba4ed3cfd1d,～週間,~ weeks,,
7693eaf5-b84b-4836-a17a-ba1aee246a38,二つ,two things,,
1f31fd11-84e7-425d-8f73-fde64c658435,～匹,counter for small animals,,
e0b796ae-0d44-47a2-b712-6aef89e734d3,～杯,counter for cups or cupfuls,,
687146c7-45ab-451f-b3fd-bec79571b126,一人,one person,,
8b386a7b-3b70-41ec-a25e-0a760701c2cf,～日,"~ day of the month, for ~ days",,
b3103136-c403-4131-b7ad-cfb86d9bdc63,～年,~ years,,
3c68040a-fce7-4b9e-a402-62f21ba3c2ae,十,ten,,
cebe4cdc-3864-49a1-a6e0-a1eb73013f3e,十,ten,,
87f70b73-41de-46e9-9273-2604b170cd34,九,nine,,
3d9c6f84-88a3-4d77-a573-2a86214bb9d1,五つ,five (things),,
c05f739c-9ce9-474a-9358-927d40cb4cb8,～円,Yen (the currency of Japan),,
799d0d26-0d83-4390-9f73-6bccf736212c,万,ten thousand,,
c7bc46ba-4876-440b-a1cd-3d18d917cd2a,～度,counter for occurrences; ~ degree; ~ point,,
32750932-c132-482c-bf7b-bc3268f18d4c,三つ,three things,,
86da28a3-0129-4f65-b749-2eb714f4dda4,三,three,,
98abfbbb-f1ac-4b7d-8b0c-b01cf7cee6e2,～人,counter for people,,
a60b2b22-4f08-4a68-be9a-9ba8db74fe2a,～冊,counter for books,,
e86141ad-cb94-431a-9261-e82a752b1640,沢山,"many, a lot",,
b8197600-c420-4c34-bed9-2be86081485e,五,five,,
13c9e933-3065-4ff6-af91-22d4a4d085f1,二十日,twentieth (day of the month),,
04b55d9f-60d3-403f-875c-da9d645f8e21,それでは,"Well then, in that case...",,
3becd3b1-81be-4046-9bf1-74aa25c10bbc,六つ,six (things),,
561025a0-1dd3-4c76-a5b5-f17a809093fd,～番,~th; ~th best,,
e9ffa557-51d7-4ccf-99ab-4a9188061450,四つ,four things,,
3cd3ff38-3113-42e5-86fd-aca60be281c6,～か月,(number of) months,,
cdcedc42-a50d-411f-99ea-768f2c224b69,七,seven,,
b002471b-9efc-4e04-94e0-adf86606daf2,三日,three days; the third day of the month,,
da88c70b-b320-4905-8d81-360c97830ee7,五日,five days; the fifth day of the month,,
9b33eb99-2d38-4d2e-ad9b-11c97187e43f,ずつ,each; at a time; in turn,,
90fce158-731f-48e0-870f-0ee7f5e6ec3f,一番,"best, number one",,
5793a8e2-fb0e-467c-b242-af7eeb8a1034,[B]より[A]ほうが,[A] is more than [B],,
3f1ee8f5-724e-4bd6-9322-63acd7f31d92,十日,ten days; the tenth day of the month,,
6da30140-92f4-40cf-a3a7-e0a2170fedce,番号,"number, a series of digits",,
845817ae-b5db-43ed-b429-d7a792c036b9,一日,one day (duration),,
c43509a4-7eb3-4b33-8de9-39c86baf6250,メートル,meter,,
1b2867b6-7c65-4253-a9f3-c722da2c969f,外,"other, the rest",,
d0a22160-e250-4e44-9961-56e2632b97db,～枚,counter for flat things,,
f29fed62-0098-4c40-93df-d1bda5ccd9d7,なくてはならない,must do; need to do,,
bad50968-0b7d-4c98-962b-e52a70a186fb,の中で[A]が一番,"Out of this group, [A] is the best.",,
5cd6d3d6-cecd-40bd-a25d-4c91e1ef7fd0,九日,nine days; the ninth day of the month,,
697e35f9-ef04-44ba-9763-bd92f4fc79e2,六日,six days; sixth day of the month,,
ed35b480-55e3-4116-8b98-1e9a2a3045fc,年,"year, age",,
99b68235-a785-4529-970c-41fdae47b2cd,二,two,,
a4e45b6b-a4f1-4a94-9de0-4421ead1498b,～時間,~ hours,,
8e489e54-1d17-4cb4-838f-9783e23abdc8,八,eight,,
0b62fcd7-c7a4-410c-af4e-c47feb1e087f,四日,four days; the fourth day of the month,,
55793a01-166c-484e-b28f-b2896427a538,半,"half (e.g., にじはん | half-past two)",,
533d95e1-c6c7-4694-bd7e-146c1b0d708c,八日,eight days; the eighth day of the month,,
90d376f7-9fde-4979-b8ec-fd282109c231,いくら,"how much, how many",,
a71628cb-a8fe-416e-9bb5-449ef1696d15,四,four,,
8d9cfdbb-1484-4fce-976e-545d9ca96cac,グラム,gram,,
626bcd5f-de9e-492f-832d-6feceb8fae1b,二人,two people,,
e3fcf061-0b05-469a-9d4f-3f2a9b600a3c,全部,"all, everything",,
9eade8ed-0467-404f-bbc7-f2889055689d,さ来年,the year after next,,
82addc58-4924-4b58-8c8c-c85f4d0dae20,～階,counter for floors of a building,,
f1686fe6-99ea-44b3-8775-4cd451cec82f,～分,~ minutes,,
980ba8ef-09ea-44b5-b9cf-8efbbb8d6b02,余り,not very; surplus,,
35e962b2-8e86-4407-9b07-488efb582d7f,ないでください,please don't do,,
868e6369-fc44-4d4f-aa2e-5eaf50b59b5b,いくつ,"how many, how old",,
95cf0b9a-ec9d-470c-9c12-11240bdd14cf,百,hundred,,
f552bb92-3d53-43af-854e-21a1ddaa2a92,だけ,"only ~, just ~",,
cbd91083-56b4-484f-8919-28598472b120,七つ,seven (things),,
99ae7ee5-7743-4bda-9ac5-c108e3f0fc95,～個,"counter for small items (e.g., fruits, cups)",,
f76d0754-9252-4c1a-b6fe-46d873452bda,一番,the most; the best,,
eaa15481-6550-4c30-991e-7fbe89b22ace,一つ,one thing,,
09d14f61-3c98-49a8-b386-495515f029d4,食べ物,food,,
01ac79ae-23cf-4131-aac7-ea7dbc157fc2,プール,swimming pool,,
41be564b-0a1f-4911-a33b-eab0e3a9f478,赤い,red,,
bc70cc26-8bd9-43f6-a21c-95875c464148,フォーク,fork,,
f0785e6b-a4cf-41e9-8fa6-befeea801282,地下鉄,a train that runs underground; subway,,
997fbd6d-5799-4eff-b267-3cf20ba85466,お菓子,"sweets, snacks, or confections",,
50a2bb61-34c7-486f-b219-1b06de9f428e,お金,money,,
0ae605d6-a7bd-41c9-b306-13debe9762a5,なくちゃ,must do; need to; have to,,
086f7e2b-7cda-4316-9223-cd5f6f225664,朝御飯,breakfast,,
65d2e8c3-adcf-4f4c-9710-5918e3ea6b1f,など,and so on; etc.,,
a2c5a5ad-9f94-4f93-991d-935c0fefaf08,たばこ,"tobacco, cigarettes",,
30ba614c-e769-41f3-97d2-6774b9c5d099,夏休み,summer vacation,,
b8dfef1a-4333-4681-b3e5-ee26ea869be8,醤油,soy sauce,,
a64a0c07-2c9a-450b-9ea3-69f5d6314f41,旅行,"travel, trip",,
d1f7eb80-c8ac-4a4a-a921-e638a6d00bfc,紅茶,black tea,,
5626c104-994b-4ced-af72-79f2158212f4,昼御飯,"lunch, midday meal",,
557b66a7-8900-46da-b221-87e3431a362b,をください,please give me~,,
b3105598-0383-433c-a2e9-105aef60c103,豚肉,pork,,
2af139e5-1944-4ead-acbe-3de38ead4252,たり〜たり,do such things as A and B,,
d917b89e-a47e-4d40-9d6e-1da39933a849,鶏肉,chicken meat,,
dd89ced9-8cd1-4dd2-ae4a-b96131943d55,バター,butter,,
cdfa8a0e-9c78-44ea-bc26-0cf004133b6f,～屋,~ shop,,
2334a66c-0a68-4f32-b00b-ce13401117c7,料理,cooking; cuisine,,
7c9fe5a3-fde0-44bc-a388-6ff2070c1ed4,喫茶店,a place where you can drink coffee and tea; café,,
5786af24-dec0-4d47-aa56-641304ace9d5,がほしい,to want something,,
50001854-5595-4ce2-a7f9-645a822b35d6,晩御飯,"dinner, evening meal",,
1a48adf6-216b-4498-957a-1af76e25c3f3,卵,egg,,
e9311c6e-dd25-4275-aaac-6e37d66e69c7,音楽,Music,,
42501416-f657-4607-9ef2-fdbb1454c4e8,買い物,shopping,,
ec1740fd-a7e0-4d59-a3c2-24238e06409e,パン,bread,,
54fa9c77-080d-47bc-8fe5-aa0fb7325477,箸,chopsticks,,
fdd13ab8-b411-4ccd-87e9-65d0fa94c8cc,ドア,door (Western style),,
de6ae147-e732-4f06-a1b9-1a5f2828992a,今月,this month,,
5d837794-26f0-4940-a614-3f558198af28,食堂,"cafeteria, dining hall",,
670ba06d-0dc4-4c9d-8e77-f03462980c33,切手,postage stamps,,
e4ce56d6-1ea3-41c3-b381-1ac41808aed4,カレー,"curry (a popular dish in Japan, often served with rice)",,
f7938391-871b-41ca-8764-18ef0c135ac7,荷物,luggage; baggage,,
dad48d88-187f-4c38-abfc-b9f2bad153e7,肉,meat,,
71fa34e3-4b0d-477b-acdf-208e49d78042,牛乳,milk,,
fae134a9-3f71-47d6-8065-48f028370b7e,切符,a ticket,,
285a6666-5e34-4f61-8043-3086f25ffa18,砂糖,sugar,,
2ca949be-29e6-4923-a0d1-843fac149bf7,レストラン,A place where people go to eat meals.,,
b0061e9b-70e5-4539-8c37-977fae670f79,飲み物,"drink, beverage",,
f297fcb6-1d8a-4526-8ced-bbc4a1b8f8f5,パーティー,a party,,
bcd5d0e8-3ca3-46fb-82f4-ab67bcf7e74e,御飯,cooked rice; meal,,
bdcf7c5f-f9ac-4612-a860-5258edbbce7f,塩,salt,,
4c533b4d-fb77-4263-b795-786fe7c76b33,お酒,sake; alcohol; alcoholic beverage,,
c5ae41f7-f9de-4c4b-8f92-a1a179eb3d71,お茶,(green) tea,,
5675a877-6101-4a70-82d3-ba66eb9cfcc8,お弁当,a boxed lunch,,
04dfa80f-7863-4ea7-b6b8-62ec313127e9,夕飯,"dinner, evening meal",,
7fe94545-b73d-4c8f-888f-ba2d1fc2a654,牛肉,beef,,
2ec444f1-d695-44aa-a008-dedef9db8b87,コーヒー,coffee,,
a16bed18-53db-4294-b5ea-7b093ba9ba4c,飴,(hard) candy; sweets,,
2b7bb015-3f77-4365-a811-37cee3d2718e,薬,medicine,,
0a45d4d8-ecb1-4b0d-8ca6-4044254f7d47,八百屋,a shop that sells vegetables and fruits; greengrocer,,
0d64fa7c-7698-4076-bd8f-e4d80a65a740,てはいけない,must not; may not; cannot,,
dbfa04a0-869f-4e3a-ae32-060a8333640e,なくてはいけない,must do; need to do,,
0ce23bae-60b8-4e10-b7c2-97f4fba19b66,教える,"to teach, to inform, to instruct",,
c3b48139-ebe4-49c3-b5c6-4b70cf84498d,ほうがいい,should; had better; it would be better to,,
e5c7a96f-1657-4a2f-b945-ed338d4beac8,下さい,(with te-form verb) please do (something) for me,,
3bc53523-6b06-4dba-b8c7-1183b759784e,どうぞ,"please, go ahead",,
2569c761-ea39-4c12-b62f-a689eb18edd0,てください,please do (something),,
d92d828c-1c53-4d41-b790-2386ed6a677e,ましょうか,Shall I ~; used to offer help to the listener.,,
cb498119-92f5-4442-96ea-c0e3281cfd6d,ちゃいけない・じゃいけない,must not do (in spoken Japanese),,
2e6c5523-bb49-472b-9345-ebf5f48934b0,頼む,"to request, to ask for a favor",,
6c598f89-1d68-4497-920a-bb2b6107e18c,のが下手,to be bad at doing something,,
36fdc167-1c20-4d72-9f63-b94b100bfcfb,もう,already; anymore; again,,
b7a2ce39-94ce-4141-b2c8-a2d937ec1ee9,昨夜,last night,,
69e00c21-84ae-44bd-b595-40e76049be94,まだ〜ていません,have not yet,,
79d9ea83-983b-472a-bfd4-5af0539d7d37,初めて,for the first time,,
9cb66291-19bf-4c79-91a9-8c240e2c2e7c,生まれる,to be born,,
17c4a8f7-2d92-4b7c-9ec1-09188b08b493,たことがある,to have done something before,,
367bf137-cc68-4dde-9e07-497bd39e1514,もしもし,Hello? (used when answering the phone),,
51d9f6e4-b6a8-4ed1-a85e-bc732b5f4242,知る,to know,,
591589f1-3cd3-49ce-a6d1-7e92a8ceb1a2,ころ; ごろ,"about, around (time)",,
e936eb40-73cc-4597-a514-58ebbd8196f8,もう,already; again; more,,
176fb743-920a-4a99-b572-4e1206445c56,まだ,still; not yet,,
5765a47a-128c-4c0c-9391-e4299dc765c0,どう,"how, in what way",,
02d72574-5e12-4206-89d1-269af9ccb20d,のが上手,to be good at (doing something),,
9d775b5d-fee0-4ca7-bbf9-4d6af11bd0bb,てもいいです,is okay to...; may I...?,,
2538a3ad-4f64-4db4-99d0-a51ed7f550f1,なくてもいい,don't have to,,
328be9e3-97d8-4d65-9e9b-4210b8754102,ませんか,Would you like to; do you want to; shall we~,,
28a647b2-279f-4136-b618-92c62ecad993,今,now,,
394a64a3-60a5-4795-ab3e-a5d7497d4937,一昨日,the day before yesterday,,
64a3b264-98cd-4a40-8044-72b924cedd24,図書館,library,,
e8c483c1-6255-40cf-919f-51b11cf288d9,だ・です,"to be (am, is, are)",,
d4595106-5abc-4006-9f27-e2d0855d8f9a,ええ,yes,,
b4f1539a-94f1-4149-aeeb-8fbf09deca39,と,and; with; as; connecting particle,,
33f84ad9-a6f3-44e7-8e8f-2aa4caa67f1b,男,"man, male",,
9f57be1c-71f8-4019-a0b2-019965ce490d,さあ,"come now, well, let's see",,
612ba6d1-d09a-46a9-8ad9-479655ee0579,ノート,notebook,,
c8d63842-9df0-4442-be88-7d045107a271,は,topic marker; used to indicate the topic of a sentence,,
9656ca0d-ee79-4fb9-88d3-df58dfb816c2,女の子,girl,,
21280e7f-49a3-43b3-8143-6281d523340e,ラジオ,radio,,
64adfd76-769d-4e7d-a85b-f73c0f385f90,会社,"company, corporation",,
f7aa783e-f5ec-4b19-b1fa-0177d31a906d,外国人,a person from another country,,
39f9a102-a3ea-4037-9f82-bd5a1a95ffac,家,"house, home",,
ebeb3764-4bc3-4e52-8a4a-9fb9e4ea165b,電話,a telephone,,
19d89796-205d-432a-9331-c86e0a0d5cb5,どうして,why; for what reason,,
38bd4c6a-65b9-47fb-a0d2-47ae025a6dcc,今日,"today, this day",,
cb67d02c-50a8-4781-ab0c-fbcb90937c4c,どうも,Thank you; somehow; used to express gratitude or to indicate a vague feeling,,
1f8f8927-abac-49c3-8e83-e066938c38b4,テスト,a test or examination,,
40ed05de-c5d8-4d11-9642-86fceb0713ca,猫,cat,,
4681746e-dc7e-4856-89f3-d8ab62eefa7e,一日,the first day of the month,,
54a4acb3-ae4e-43e6-919b-34b840981f9d,文章,a sentence or a piece of text,,
fb1bd690-8fd2-45d8-9a7b-a1d88f99c537,いいえ,no,,
efc7da25-41fe-45d1-aa87-8de8444d527f,ポケット,pocket,,
1f15a21c-a0c3-4c88-87a8-5e5181d99504,ああ,Ah! Oh!,,
0a9efe04-6751-41a2-b49c-b1a8f3ecef20,どこ,"where, what place",,
40a79003-1ba9-49c3-988b-ff2085dd3653,アパート,apartment (abbreviation for アパートメント),,
5c585090-5e0c-43cf-915e-47604005a1e3,今週,this week,,
1cd917a0-cfa9-49ca-8a2d-e578c9ae044b,みんな,"everyone, all",,
df2d1fa4-ae54-4ffa-8de5-b96870f73084,タクシー,taxi,,
fbe11775-fe26-465a-85d2-8ac192f72f8e,皆さん,"everyone, all of you",,
85083ab5-676c-46ce-ad95-080d8e639f44,犬,dog,,
e25434dc-71a9-451a-b289-4562b3b42ed3,外国,foreign country; abroad,,
b95bc072-ff77-4d35-b145-b6cf88965d97,とき,when; at that time,,
fffdfff1-dc65-42af-8274-6209ee17336d,かばん,"bag, backpack",,
f91c12d5-1137-4d04-aca3-280745ad09f9,男の子,boy,,
1a7761c7-c13a-4fbc-a8fb-1bd632a4a433,車,"car, vehicle",,
0329142d-7998-4a9b-8c28-d75375215c9f,ペン,a writing instrument used to write or draw,,
c5240661-824a-40b8-9f93-4537e5b2b0d9,はい,yes,,
a7df9740-2a8a-4377-9c5c-3aee07271ada,零,"zero, nought",,
b4923194-9ff2-4226-95f9-343988731443,片仮名,katakana (a Japanese syllabary used for foreign words and names),,
8ea11c13-1b83-4e41-9334-feccb201a846,字引,dictionary,,
93c3a30a-7cb1-441b-b7c3-0a0b704174b3,言葉,language; word; expression,,
d43ca8f5-f6e7-45b8-9bcb-3c76a9ebf4cc,今年,this year,,
152e5789-3385-44dc-a546-5b78dff8769e,なぜ,why (same as どうして),,
09c1bb27-b1f2-4568-9f49-038c677758e8,～語,language; word,,
3c2da4eb-e630-4401-8c7c-8281a5fba4ca,朝,morning,,
074e2fa4-5689-4e30-a1f9-0b7c8742762b,どうして,"why, for what reason",,
460f64c7-a442-4416-a2e0-2c733773f5f9,じゃ; じゃあ,"well, then",,
97a418bf-09a9-443c-be35-1b1a4d77f7f0,大学,college; university,,
ecac0f97-c00f-4723-80f8-f60c5367dfdb,ページ,a page,,
b5c2dcb4-a08b-42d2-86d7-f0e3c380e5a0,町,town; city,,
ba452e0f-d69b-410e-a462-2be0fc0b2243,時,at the time of ~,,
0b51c0de-8476-4e2f-804b-98cee01a73b6,方,the way of doing something; how to do,,
7d7db24a-dfd9-4ef8-8298-414294b165cc,つもり,plan to ~; intend to ~,,
ac9b8b29-07d8-4c5f-9889-00a5050beb7a,から,because; since; from,,
c032253b-b651-4276-b1a6-e22c868d03dd,方,way of doing; honorific form for person (人),,
ce8c3627-0a98-4288-852b-1885d7c72d4e,ないで,without doing~ ; To do [B] without doing [A],,
9c7e007d-38e3-412f-b66d-4002f4f05193,どうやって,how; in what way; by what means,,
a5c86e22-1a88-4d2c-b6fa-186325e594db,お～,honorable ~ (used as an honorific prefix),,
2129910d-163a-4b30-bfdd-eab0f970bfaf,よ,you know; emphasis (ending particle),,
6653aa51-f139-4d67-b79b-1ad6e476b49d,はどうですか,how about; how is it,,
5ce96063-cb05-40fe-bbd7-4f7f7f93f653,ので,because; since,,
f68feffd-2212-4b2b-9346-4ab42417a56d,がる,"to feel (a certain way, often used to express someone else's feelings or desires)",,
d7883739-f9ca-4132-99ab-83ba3b8a5a90,けれども,but; however; although,,
29ea9cba-ba0b-44ef-91e3-22bbd2a0bc01,～さん,"Mr. ~, Ms. ~ (a polite suffix used after a person's name)",,
aea0d7b0-5c2a-4857-9d2d-932a5edfb9a3,のです,to explain something; to emphasize a statement,,
58082056-52a2-4f66-a7f5-d3dc861f73dd,なあ,sentence-ending particle used to express confirmation or admiration,,
5a716ea9-2d2a-486b-b9a8-6a2c99c265d0,でも,but; however,,
7fdb256c-1a69-493c-b1ce-6929f2097019,また,and; furthermore,,
5b301445-ef8c-4d34-8886-0b7fc0de30db,けど,but; however; although,,
78c0a567-ba7c-426b-9f8f-669374b3bdf8,だろう,I think; it seems; probably; right?,,
ff843948-f610-4a5b-bb71-f35ca6c9d225,でしょう,I think; it seems; probably; right?,,
84c544b2-b5d8-4792-827a-8bb7d009ffb0,でも,"but, however",,
19da75de-de98-496c-8c2a-0e1ea4454683,では,"then, well, so",,
e1318cd0-0a3f-4e9e-9e8c-fda4600ad1a4,も,too; also; as well,,
e00b982d-4ee1-497a-8f57-a8c53788afd0,そう; そうです,yes; that's right; it seems that way,,
1f0e7895-4edb-44f9-a308-bf14cee2e3de,しかし,but; however,,
8a4e3d60-9c0e-4d0b-8461-55b4aedae705,奥さん,(someone else's) wife (honorific),,
4b032c35-2e19-40c1-90e0-fb7aa2dc78d7,ね,isn't it? right? eh?,,
b6cdf8e6-6c31-457d-878a-e90b26335638,んです,to explain something or to emphasize a statement,,
2206942f-c43a-4e18-afbd-b68696ab3269,多分,"perhaps, probably, maybe",,
f19a5e2d-4073-4a06-8010-17003590d507,そうして; そして,and; then,,
9788d7ea-6ba8-46e9-955a-af7d42f78867,作文,essay; composition,,
2392cfe8-fdc0-494a-9f01-2b2535ddc843,てある,is in a state of being done (resulting state),,
11063a7f-71c3-45b0-9387-9334368fd541,にする,to decide on; to choose,,
fd696251-cc6a-4e23-929e-7c7ccaf08fc2,かかる,"it takes (amount of time, money) (v.i.)",,
85c8c511-d671-4838-aa90-35aabdd39a66,すぎ,too much; excessively,,
0274ce56-59c7-488d-aa79-475da89f096a,後,afterwards; later; in the future; the rest,,
cf87c2e5-cd5e-4220-b38a-0305913b22ef,学生,A person who studies at a school or university; student.,,
1e118b81-6e1b-4b53-9f44-caf1748c8def,それから,"and then, after that",,
abe32a3a-1853-4376-a865-06558ad19414,か〜か,or (used to connect alternatives),,
374d23a8-c765-4bff-a625-cb1387b85bd5,なる,to become,,
cff4d38c-13d8-4942-8413-dc195b4ee3ed,なる,to become,,
29cec996-4870-4f61-8e67-ce4d956273ba,人,person,,
19025bf5-2129-453b-83b6-471ac9223708,初め; 始め,"beginning, start",,
2a3bdd1d-1ee2-47e6-accf-702b1c0513d7,しかし,however; but,,
53307bd4-4f50-4d0b-aa66-e00bcf186d42,昼,"noon, daytime",,
6925fe03-217d-483e-810b-716c88ecaf7d,先生,teacher; professor,,
516dd849-72b3-4ca6-abc4-a33d084ac161,テープレコーダー,tape recorder,,
29c24e0a-6600-4940-8bd8-3b8bb91e82de,次,next,,
b6047a5a-8726-4dea-b357-4d7ecf3a17af,テレビ,"テレビ (television, TV)",,
3e4e805c-c8b7-4682-8ae0-3cac3a6ee84c,名前,name,,
70c85760-9907-4790-b041-06f290d1005f,そっち,that way (over there),,
c4c6e435-0c9a-4c17-8ab3-10fcd3e744e9,話,"talk (chat), story",,
f72f9754-264a-4585-8eb1-8c2bd3a9e275,か,question particle used at the end of a sentence to indicate a question,,
3f65aa26-259c-4e78-a034-ee8730d12b36,店,"store, shop",,
df635160-d335-4acb-a0ae-d09df4a0dda0,公園,a park,,
e2914662-f6fc-46ab-b0ec-6cf7a17bbbd2,飛行機,airplane,,
4b4f2052-ec9d-4f82-8318-bd0fbd440ad4,カメラ,camera,,
ee047bb2-c2ff-4cb1-825e-1987ad444f20,今朝,this morning,,
2e95eff3-7532-4902-a7ee-edc814356c46,本,book,,
1dc034f7-375c-4046-a473-ccde281321d0,来年,next year,,
6bda917a-af80-4013-9ae7-1862ddbe5e84,うち,home; house; my place,,
c67776a9-849a-47f3-8323-e230f2db7618,ゼロ,zero,,
30efca38-8ad9-4774-a77e-a824562a670b,授業,a class (in school),,
0349cadc-b8e3-4afa-807e-f620a316aa35,明日,tomorrow,,
72bc754d-c144-4694-89b5-7aadc549ee2e,生徒,student; pupil,,
e7391692-b919-406a-bd17-fff4112b060d,英語,English (language),,
956f9c59-8c9a-4eaf-9f16-3172822dd85a,何,what,,
087c32a5-9ed8-4f72-a4ed-a8b7fa7cb85b,ホテル,hotel,,
d9998789-2ab3-48dc-af78-707366bfb603,平仮名,a Japanese syllabary used for native Japanese words and grammatical elements,,
929ff86e-4c3b-4a6f-8fab-2d35c45886e3,トイレ,bathroom; toilet,,
3c4f6286-6ccd-40b8-9898-79017546bacf,ポスト,mailbox; post,,
83f191c9-9036-4167-829e-671aac174c20,いかが,"how, in what way",,
6994f12d-6a5f-47d7-8671-bba09edab222,辞書,dictionary,,
232b4c2a-a106-4ce8-b822-ce2a063eb3ad,学校,a school,,
f49f81d8-3ecd-45bb-85eb-a09acb3f3d25,クラス,a class,,
b9f4753f-8963-4214-a35c-ec16fe96d949,ニュース,news,,
b9a8cb79-3ffd-40b6-9a3d-e37648920d2d,国,country; place of origin,,
691db9eb-44bb-4d83-9421-ed396ca0592b,の,possessive particle; indicates ownership or relationship,,
8f0273d6-3fe7-4482-a149-8acbb23c3d6f,質問,"question, inquiry",,
2c2b6157-7a60-4d92-a819-35339139019b,教室,A room where classes are held; classroom.,,
11bcefb2-b03a-4ecf-9cf3-ed852050b5bd,あそこ,"that place, over there",,
cfae17d0-dbf7-4f79-9117-04a301929923,あなた,you,,
02e37628-fc48-4d0e-b363-1151a8a902ff,いつ,when,,
74602de4-b391-4de2-8689-65537af4ba7d,どちら,which (one); where (polite),,
509f01f0-714e-4b08-9201-89d07fc17deb,来る,to come,,
408e6a10-bd42-4e2d-bbdd-0ff8c37d941b,どっち,which one,,
8aca582c-13ff-47c8-af88-b89969ae7fb9,こっち,this direction; this side,,
1b21a6f8-b8de-41d9-be96-642693701ae4,にいく,to go to do (something),,
c242e5ba-b7ad-4433-87cb-43d5bc72e281,で,in; at; on; by; with; via,,
9393d089-119a-4a9c-bac2-3ebbba9957b5,そちら,that place (near you),,
ffab73fc-7eb1-4138-82ed-6154e6813646,私,"I (formal), myself",,
6b88fd12-7ac2-4da0-ba9a-fa5d8665df46,あれ,that one (over there),,
8b0f068b-adee-4c70-bbf9-95d8fe79c11b,私,"I, me",,
36a2249b-cc2e-477e-9bcb-488c65548b02,そこ,that place; there,,
07ca35b3-cfa1-4d86-8744-bc16a6099087,それ,that one,,
68343025-23e3-4181-9105-c370322be30d,行く,to go,,
d077cd09-0c24-4288-b148-2c963dca06cf,これ,this one,,
1ae2ad3f-62bc-4b5b-a661-56887914aa40,自分,"myself, oneself",,
0ae67742-b81e-4fd1-8f95-b520714a2768,が,subject marker; but,,
c90f3963-c099-455d-8b8e-e1daea5b566e,こちら,this way (polite); this person (polite),,
eb61c038-c9bc-45c9-ad94-471216f9cec3,帰る,"to go back, to go home, to return",,
6e38476d-4e14-4a66-ab68-fe3fdfa97ce3,あっち,over there,,
a295a3b8-6f3c-45c2-b624-38f7fffac3b9,あちら,"that way (over there, polite)",,
0d8c2e9a-99fc-46e1-8e34-cf42a0363029,何～,what kind of ~,,
a1ed2070-1f57-4c06-9e64-2cb6bc6355e6,どなた,who (polite),,
6bcad63c-e93a-4d2a-889a-49a19ccee049,どれ,which one,,
a15dd67a-b0b1-4f7b-859a-91dcf1eb7d7f,誰,who,,
4e4dcafb-96e4-4a94-ac62-11a133dfd525,に,destination particle; indicates a location or direction,,
70bf0210-651b-4c86-91ff-ec198a1d43ab,広い,spacious; wide; broad,,
ef8e2d84-a85e-4642-aa95-fbfa0ad06bff,そば,"near, close, beside; Japanese traditional buckwheat noodle",,
bc130c61-b3a5-402b-9992-064a7b20b887,ゆっくりと,"slowly, at ease",,
d9867301-00f6-420a-959e-b4c12e220175,好き,"liking, fondness, love",,
07a5ee48-ab5d-439c-95aa-f6da67fae90c,灰皿,a container for ashes from cigarettes or other smoking materials,,
1825f70e-256c-4260-8626-328f6f22e93d,多い,many; there are a lot,,
5502f781-4d53-4229-b5a6-deccb70b4cdb,安い,inexpensive; cheap (things),,
0cd80051-0afc-47bc-8693-14bcb5d687ce,下手,"unskillful, poor",,
5501caa6-2087-40ca-a817-e319c068d844,短い,short (in length),,
effbc9c0-15c5-409f-ac58-2aed4621c71b,この,this (used before a noun to indicate something close to the speaker),,
b4e7ebb7-eb66-4f08-b46d-156a68377e01,低い,"short, low",,
c6eb2b86-47d5-4c84-a24c-e439997f96bd,石鹸,soap,,
275473db-908b-4e6d-9d67-0eae50ba65f4,お風呂,a bath,,
8390f8f2-dcb9-4335-bf68-5b1aaa435541,建物,building,,
0d6392af-3318-4147-98a2-188925b2eeb6,鼻,nose,,
41cf1f11-4363-4936-a374-d5efafeeaaaf,小さい,"small, little",,
dcc1bb69-8e96-48c4-8c1b-ca1c9414c2d8,大きい,"big, large",,
40f05a68-f805-4521-9f8d-19400d6233da,痛い,hurt; painful; sore,,
eb7eb375-8016-4369-b68b-cdd28d10eee7,口,mouth,,
899c2b5f-55c4-44a5-8a9b-e51f37db49ac,暑い,"hot (in reference to weather), warm",,
7494ee90-1c91-4ba3-80d5-72b38a97cee3,とても,very; extremely,,
be572e7e-466b-4fd3-ae45-d56607ad390f,天気,weather,,
656f5cf4-dc12-4b70-9bbf-ae7bad610b1e,まずい,"bad (in reference to food), unappetizing, unpleasant (taste)",,
b6ef460d-64ad-47f8-a3f0-1804d0325cfd,カレンダー,カレンダーは日付や予定を確認するためのものです。,,
4c7e51c9-285c-44fa-a13d-66f90574ba14,結構,quite; fairly; enough,,
f73fa629-02da-4378-87d1-454ecb764d6e,窓,A structure in a wall that allows light and air to enter a room.,,
4440d49c-71ac-4d93-a90e-2248c05edb4c,同じ,"same, identical",,
d068ec19-a0ef-4843-b606-af058ed3c6fe,着る,to put on (clothes above your waist); to wear,,
2a577c17-4028-4583-9148-d2111afc4bad,まっすぐ,"straight (ahead), direct",,
c2648eca-4664-41ab-a674-f522a16e0d2c,熱い,"hot (to the touch, objects)",,
80263304-32bb-4ad3-a198-128db75f55cb,すぎる,to exceed; to be too much,,
fb994546-416d-464a-96a1-5025d089215a,背広,men's suit,,
eec30366-db26-4657-bc76-6f5d6ebbd3ef,お皿,"plate, dish",,
85c12c75-93ec-49bd-95f9-89a7acbacfde,靴下,socks,,
c0c3bc47-b129-4ac0-9dfc-8a538ec135bf,コップ,a cup; a glass,,
57f6d9d5-407d-4aff-987b-d37e3d6e91a4,とても,"very (much), greatly, exceedingly",,
298ab912-5630-45d0-bf40-470d7c3f087f,有名,famous,,
c02b90d0-5b98-4bcc-b683-44f69ef1d25a,早い,early,,
6977b50e-23cf-4175-9086-be9d152d9801,掛ける,"to put on (e.g., glasses); to hang (e.g., on a wall)",,
4c9eac8a-fd81-483d-9c2c-1de3bee37c0f,夏,summer,,
60347838-5982-4b13-b063-e61aa1a00884,遅い,slow; late,,
05ddc809-bb77-4f08-b337-627a016cb3d7,明るい,bright; cheerful,,
0cd59c9f-eb67-4868-8bfb-f6242d7a47b2,高い,"tall, high; expensive",,
0dd26102-34ef-4601-83fb-c4fa32f7ce5d,レコード,record,,
384f4f5a-015d-48ea-b499-9fb9a64706ce,黒,black,,
3900e967-128c-424f-806c-ca49bbc693a6,色々,various; different kinds,,
dc82f4f7-1dac-4788-b0d9-d6d62d1ef537,い-adjectives,い形容詞 (いけいようし)は、形容詞の一種で、語尾が「い」で終わる言葉です。,,
db50af25-cf1b-4984-9f75-e651ad90a821,弱い,weak,,
ea1eefbe-9638-4d40-a0c8-add7ac8e06fb,新聞,newspaper,,
be94170b-ffba-4b6b-b287-a2ea42ded1a3,シャツ,shirt,,
a26fd84e-cf85-4102-8b37-85cda61ad9a0,財布,a small bag used to carry money and cards,,
9e75dbf0-2f5f-4445-97a1-05130d844358,野菜,vegetable,,
6ef46166-2166-49d8-8638-1e5f8b63f2a5,風,"wind, breeze",,
8027a42e-ed42-46d1-8329-26f448cdc072,暗い,"dark, gloomy",,
76e20100-d561-4cba-8c89-7aaf869f5d72,古い,"old (in reference to objects, not people), aged, ancient",,
a56884d1-3d78-4f89-be6d-3afe2b0201c8,曇る,"to become cloudy, to become dim",,
7685e636-2ed7-41a4-8ab1-a3cab62bcf49,本当,"true, real",,
b9f27a17-ac3c-44d0-8719-815f7ab0fbe5,足; 脚,foot; leg,,
e6489e0d-d7fc-48ae-aa8d-06a0288c23a1,机,desk,,
50a8f1ed-f24a-4ebd-9399-223e9e190e99,箱,box,,
db91fdd2-beb0-4ff7-adf9-a935c28b9a0d,果物,fruit,,
514d776f-d0f3-4ea6-a240-327b63fc5f11,うるさい,noisy; annoying,,
a5fc19c7-d48b-4d94-ae2f-e7137f2dc123,太い,"fat, thick",,
e481e027-c18c-4dcf-bb49-4565d543faac,少し,"a little, a few",,
6138e07c-4f9e-4401-af78-05ed6966ba3c,葉書,postcard,,
373f1151-75d3-4de9-bf43-26eb24c32f10,夜,night,,
5ad046d8-17de-4e00-8691-cc77b4d25c1c,水,water,,
a5379549-0170-43cb-a35d-4481d2520b54,青,blue,,
59aebb62-2772-4ded-85d1-66bda8949c27,よく,"frequently, often; well, skillfully",,
d0d44a66-7595-49e1-9259-56b9ebb31d1d,絵,a painting; a picture; a drawing,,
dce44fed-1806-487c-b44e-f6304ef2e9cb,スプーン,spoon,,
a1145430-24c3-48b9-93f7-50ea1b3af426,少ない,a little; a few,,
90d6d2e1-7c18-4a70-bb42-5368a6b4f7bc,頭,head,,
b2d81fc3-2ceb-4eb0-9e1b-170e7b949575,綺麗,"pretty, clean, tidy",,
e6d8576a-f3a7-49a8-b3f4-7ffa03d4ebad,写真,a picture; a photograph,,
e0a33dee-1ee3-4cdd-aad6-1b6b5c77fa2b,茶碗,bowl for rice,,
57c136d9-e694-45b6-b5a4-25d8c7f248ee,海,"sea, ocean",,
f07ed789-638c-4503-a598-269fdd6ac4d5,ワイシャツ,shirt (usually a white dress shirt worn for business),,
a742d7d7-d5ee-4b70-991e-45f77e0214c6,ナイフ,"a tool used for cutting, typically with a sharp blade",,
74522c16-0020-487f-aff1-dc174b1e5968,白,white,,
7fc3cc48-55bd-492f-aefe-ca9e62e9f963,速い,"fast, quick",,
9aedbb75-6530-4dba-b7d5-f4a273badf89,嫌い,to dislike,,
42b0129c-205f-454b-a440-a8993615a1ba,軽い,"light, not heavy",,
064b7e24-fe53-4ad5-93a4-29a3f1ae087d,ハンカチ,handkerchief,,
d0edadea-c09a-4d6d-bfa0-9f00b019b21f,丈夫,"strong, durable, sturdy",,
5e8b5663-729b-43be-ba1f-e495336b18ca,椅子,chair,,
927a3a5d-68b4-4826-aaba-96b566d878c6,自動車,automobile,,
899f1370-440b-4539-af18-87dafa95ac0f,靴,"shoes, footwear",,
df8d5928-d1e2-4c2f-bbd6-94e7597d2299,ネクタイ,"tie, necktie",,
ceb108c1-bbeb-43e7-90f2-4d1a00dd9368,新しい,new,,
5c8dafd6-6319-4674-b760-439536a537ed,たて,"length, height",,
10dbe437-d3bc-4125-8e62-b6ef6702bf61,赤,red,,
decea9e5-8423-4226-bd71-614db0e9363e,静か,"quiet, calm",,
31be0a2e-02c0-4bfc-b116-2dd84c9618a0,スカート,"a piece of clothing worn from the waist down, typically by women",,
b39928be-3c03-4047-85b5-3b3af5952f2f,ラジオカセ,ラジオカセットプレーヤー,,
6f30490e-3113-45b4-a019-0c5871b1f1de,甘い,sweet,,
e15330ce-0d2a-4f8a-a819-3ebac91ed5b7,庭,garden,,
4eda70ac-1916-459e-a252-ed5e7afda416,りっぱ,"splendid, fine",,
60751528-3f1d-4d8b-b218-9d07a21a4df6,冷たい,"cold (to the touch, such as objects or weather)",,
8a9d877c-1661-41b5-82e2-b9c9e8366bb1,手紙,"a written message sent to someone, usually on paper",,
882b1762-008c-4a4b-b632-0ac1aeab5c86,耳,ear,,
ca720aa2-d343-41fd-9806-8badd9bfd9ed,ちょっと,a little; somewhat,,
06b62be1-fff3-466e-8d06-269fadb25756,雑誌,"magazine, journal",,
7cd7bb44-67cd-48ba-b7c6-31a1d45069d8,忙しい,"busy (people, days)",,
944f2812-aa7d-40d9-b854-43efa267a796,晴れる,to be sunny,,
e587993b-8b02-496c-8596-644af7a11036,橋,bridge,,
8e0b6ad6-f8c7-4775-afee-2e9441ef38f6,角,"corner (e.g., of a street or room)",,
62223e9a-c640-4cd5-ac3a-09c43aedb56f,背,"(one's) height, stature",,
aa0286df-eb9e-4a89-b876-8628a224846e,雪,snow,,
f8d3dce0-da32-4a11-8c62-7a2aa7a72aba,帽子,hat; cap,,
f8d00410-9d25-4bee-ab55-990b6147911d,ギター,a musical instrument with strings that is played by strumming or plucking,,
db15fe3c-d2e5-4362-a2a1-0174e015742c,デパート,(abbreviation) department store,,
35740875-cfab-4633-97f6-75ae9b59bcfe,お腹,stomach,,
e7a3fbd0-283c-4b79-8b12-257d2b1b496b,仕事,"work, job, occupation",,
28d5c6db-5239-4089-9114-f8529a58c27d,弟,younger brother,,
48c72013-020b-4730-8d95-bfec292527ec,留学生,student from another country,,
c515a961-52c9-4fde-81fc-5ac2df9a651f,伯父; 叔父さん,uncle,,
70038fe1-0895-4e29-a71a-4e5d725cbbcd,母,(my) mother,,
db9206e3-d203-4085-848e-196a9b38e97d,誕生日,birthday,,
c5c62c1d-7198-4f01-a282-fea526ddc613,両親,parents (both mother and father),,
49a73f83-e7c1-4454-91af-5eef738d7605,ない,"there isn't, doesn't have",,
c318d8bf-7cd1-4c9f-a1af-59bbdc037afa,お姉さん,older sister (polite),,
7f61b9f7-2a15-4b95-923f-8f9bde10d250,お父さん,"father (informal, used by children)",,
e845e222-7074-4d2b-ba34-5f8aef50c86d,歯,tooth,,
7b84a8d2-c5fc-443e-bb63-cf014c6d00c5,兄,(my) older brother,,
d198f7a1-387b-4cd3-90e6-7a2ec5fc56a5,病院,hospital,,
f6067132-f69f-42c2-a966-bb303f296428,家族,family,,
e3e91d88-8fed-477a-ae67-9658e721924d,昨日,yesterday,,
bd597ed2-2110-4819-ac10-b3be0b48c365,家庭,home; family,,
4bd6c25c-9d04-4eb1-b839-f848437c978b,子供,child(ren),,
57f0e935-59cd-41cc-8a82-75fb46c84cb9,妹,younger sister,,
3e05ff6a-d1ca-44d1-8017-67855baf9485,じゃない・ではない,to not be (am not; is not; are not),,
24a9c558-13ae-489a-b63c-f83a4e05f233,おじいさん,"grandfather, elderly man",,
790d1d33-39d7-47d9-b90a-5956a2803512,閉まる,"to close, to be closed",,
72bf0cea-ebcc-4609-ad78-252b72cb49bb,伯母さん; 叔母さん,aunt (referring to one's father's or mother's sister),,
9b210eda-c995-4793-898c-8ea585f071bb,医者,doctor; physician,,
f087a2cc-b806-4db1-8458-ec2a8b2084fd,休み,holiday; day off; absence,,
16326322-6de0-4a9c-b02b-92d846865a4c,村,"a small community or settlement, typically smaller than a town",,
3a6b8392-e8c0-4f8f-8aa4-89b2b5db5b78,父,(my) father,,
caaa6bdf-bc19-4587-8450-457feee4c0be,おばあさん,"grandmother, elderly woman",,
a688b6d7-b953-4c28-9246-d7b1f5fd71fa,警官,A police officer,,
2f3c1e3c-1562-4289-b11e-525820d7198d,おまわりさん,friendly term for a policeman,,
20eb8a5a-0a43-42d1-9293-4f255cbc1d86,おととし,the year before last,,
e62d36b5-6b8c-4c5b-a849-78d2486e853a,結婚,marriage (to get married),,
48bad9b2-2cac-4208-9f00-0c24794caa75,お母さん,mother,,
3c0405e3-cbfb-4e2b-b51e-f1ec08af43cc,姉,(my) older sister,,
82f38870-0f1a-42f2-b30c-b6491cf15c11,大人,adult,,
8f4b3e8e-fdb3-4759-96c1-de3547f99adc,ペット,a pet,,
3ddd6c0e-7044-4c47-8b8d-4a86a100df41,兄弟,siblings; brothers and sisters,,
4abcca6f-5835-43a9-9568-a1d7410ea504,～たち,plural suffix used to indicate a group or multiple people,,
4c38fe14-5c02-428a-9c5d-83a145918619,宿題,homework,,
c9e13fcc-c28a-48ab-97b3-255d1b706687,風邪,cold (illness),,
c9f3f139-8f11-4ec8-bf08-b0238b7ee509,～歳,~ years old,,
55db9ff3-ccf4-4fd6-bf45-6023f1b1e3a7,目,eye,,
7cf24545-1495-4acd-9ab0-b9fdf5477160,友達,friend,,
a4bbdfc1-7cfa-4a94-a30c-9d2ed5411691,お兄さん,(someone else's) older brother,,
e845d433-c3e8-4d12-8cb9-241fc54b8763,去年,last year,,
c49841a0-5c11-43f0-b1d2-9396d52be7da,入る,"to enter, to go in",,
ac4ffc6a-481a-4c39-a459-7b78d62e27cc,毎晩,every night,,
423aac3d-10c9-442a-b5b6-7b7b2ab4a5cc,時間,time,,
d5d42f88-8b10-4db9-b91e-ae231773c391,貸す,to lend,,
86791703-21e2-47b0-862d-d86dd31306f0,終る,"to finish, to end",,
2cc6d484-12ae-4476-b65a-81777ad08844,若い,young,,
58282d15-5a55-4250-ae83-ad5a88826379,立つ,to stand up,,
830a0aa1-ef46-4323-81b7-f19043c89e0a,開く,"to open, to become open",,
be72e9ff-15f1-476f-9e79-421611dd2d86,つける,"to turn on (e.g., a light); to attach",,
e5f5b643-8ae8-4814-a5d2-d812c7c95aeb,金曜日,Friday,,
3d1bd9e0-139d-4de5-8b0b-30ec57f4648e,止まる,to stop,,
53f84a81-7fa2-403c-924c-bbf9e5b8b678,毎朝,every morning,,
79e41c9e-4345-45b1-9658-dfab0cd29012,毎月,"every month, monthly",,
4b7f0dcf-1b81-4322-9a34-612bf998ac11,洗う,to wash,,
89283f12-2bfe-4a2d-b554-9f0a8c0876c3,寝る,to sleep; to go to bed,,
41015542-8f50-4739-bb12-80de5ee2e7fd,売る,to sell,,
a2f79c20-2617-407a-9074-81806b3d1b1e,はく,"to put on (items below your waist, like pants or a skirt)",,
529811fe-3a66-448c-974e-6b0f44e59c9c,出かける,to go out; to leave,,
f793feab-7f34-43a1-b0b8-c1d3c38268ee,日曜日,Sunday,,
a8c034ae-d8a3-450a-b9a2-ad9b208600b8,歩く,to walk,,
16eb302d-f249-4e84-ab68-9d56d627f5c3,毎日,every day,,
73c60a34-a0bc-40cb-b743-2876c0363a7e,使う,to use,,
7c85726b-bbb8-4f45-8921-33ab1a6d6e9d,吹く,"to blow (wind, etc.)",,
b307993b-31a8-49a4-a273-8dc256d71d9b,起きる,"to get up (e.g., from sleeping); to wake up",,
698d8d03-1beb-423f-ac4f-380a23d4c473,上げる,"to raise, to lift",,
37f5e729-4e65-48e3-944d-a6a03ed953e5,午後,"afternoon, P.M.",,
11453d72-452f-431b-a03c-76e39d79a638,泳ぐ,to swim,,
f908c09f-b1e7-4c4d-b76f-9460fac2e33b,飲む,to drink,,
1a05b69c-a051-42aa-8049-8cd2789c4dc8,先週,last week,,
3298b961-c574-41ec-a481-febac4912f9a,要る,to need,,
f6a0b472-add2-4e31-b825-1478e61eecc7,書く,to write,,
5af0145c-d878-48c0-a0b0-51db5235f216,取る,to take (a class); to get (a grade),,
72206aa3-b7df-4a30-956f-5185f344ead6,押す,"to push, to press",,
a5c170f6-e306-4df0-8dc5-99ec74e93370,引く,to pull; to draw; to subtract,,
f392b62d-760f-44c3-916c-47b28ba72f6b,洗濯,"washing, laundry",,
ea8d2bac-687d-41a7-99d3-7d5f594a4f24,無くす,to lose something,,
2f0f4844-602f-4de6-a26a-873ee0966bbe,置く,to put; to lay; to place,,
5bec3058-be6e-42e0-9c0a-4e2f584b925e,やる,"to do; to give (to pets, parents, siblings, etc.)",,
ee75002a-d718-4d31-94f8-c06975226506,磨く,to brush (teeth); to polish,,
a2a4949b-fd95-4b6d-aa12-c3c06af66788,切る,to cut; to hang up (a phone),,
d2ce1285-d12e-46c9-a5d5-10f8118a7aef,月曜日,Monday,,
0fe0088d-7032-4578-8f93-a400cf62590d,乗る,"to get on, to ride, to board",,
8e448811-281f-45df-a38c-fa73fb1170ed,～時,~ o'clock (time),,
648c560e-1fd1-4b1c-876a-ac4e28d4f0ba,今晩,"tonight, this evening",,
ba9e3527-8d10-4f29-a796-1afa302cf6d0,働く,to work,,
b45857d3-51f8-4e51-b6ac-ff3b32be4c00,住む,"to reside, to live in",,
7b8f417f-0522-40ee-9c16-0b8a0892de1d,開ける,to open (transitive verb),,
2a5bbb6b-9c3d-4462-8f20-73f23c79fca9,土曜日,Saturday,,
644aea2a-3f69-4bc1-89c6-4d42a1354839,先月,last month,,
96533b80-089b-498c-bad9-2169952bf004,持つ,"to hold, to carry; to possess",,
5519bb6c-49a2-4491-b33c-4a091a81f499,午前,A.M. (before noon),,
6b5ab61c-b170-4e38-9fa2-925d85fcfe7f,買う,to buy,,
1cf3a425-a1ff-428c-a243-52e302c46fee,作る,"to make, to create",,
73a8ea79-58e8-401b-b9fb-3a11ce276a40,火曜日,Tuesday,,
53603086-e7b0-43ea-ae2f-9ab0b1477baa,コピーする,to copy,,
66898bec-3ff5-4a68-a173-583d0d502ea7,消す,"to erase, to delete, to turn off (power)",,
258958aa-7517-463d-b728-ed2873886077,来週,next week,,
7a813bf2-fd65-4747-bbf6-54974b961b2f,読む,to read,,
182830c9-9648-41b4-933b-1f9f4304fa69,習う,to learn,,
efdc013b-2955-498e-8bef-550ffeffb0e8,かぶる,"to wear (a hat, etc.)",,
4889940e-aa81-4b24-8eb3-577db7a0ccdf,吸う,"to breathe in, to suck",,
f608f19d-7b06-4774-b1f4-b8372a31ffe9,する,"to do; to try; to wear small items (e.g., necktie, watch, etc.)",,
9b3c1132-01c7-42c2-8f5a-b9665ecd60a9,走る,to run,,
fd2e54f5-7bb5-450e-91ea-bcec624d59c1,死ぬ,to die,,
90cf97d5-bc35-40eb-a0bc-f39c792d04fe,食べる,to eat,,
1ad39c15-effa-4237-9b86-26d1935783b3,木曜日,Thursday,,
aceb9815-3a2c-4b0d-bf1d-139ac5ceda6d,座る,to sit,,
0fdc8969-1a76-4658-bf2e-0da4c349dfaa,水曜日,Wednesday,,
2191d4d8-1f59-46bb-a6c1-56e88fb16380,見る,"to see, to look at",,
090417d6-c935-4c28-801c-91227122c4f6,来月,next month,,
ececd4b0-6472-4482-95d5-17a88641b3ce,勉強,study,,
cabee6a3-d109-4ad1-ae4b-6e6d39fbd073,待つ,to wait,,
fde2791c-52da-4cf9-be4a-0234226e9d29,明後日,the day after tomorrow,,
50352c42-1d47-4aa6-982c-e30b02a07f19,休む,"to rest, to take a break, to take time off",,
f1da5e55-e56d-4f87-82f2-3ab2038f680d,毎週,every week,,
8d9245d5-7905-4383-89aa-39227d3193d3,脱ぐ,to take off (clothes),,
999d0215-99c2-4432-bc69-314566384c23,返す,to return something,,
8356dd54-0814-4d5a-b2c7-e1f83dcfc097,ましょう,let's ~; shall we ~,,
93cd584f-0f4c-472f-ad9b-ffb1f12edc6f,勤める,to work (for),,
e5632310-b07d-4195-81eb-d40e847eff0c,話す,to speak,,
d8c1b23e-035f-475d-a0bf-289ef2a13a39,閉める,"to close, to shut",,
43198dac-37d3-49e6-aaa8-1e2bce57c101,言う,to say,,
5f6aed0d-75f5-445a-820c-99606f3b9588,毎年,"every year, yearly, annually",,
e7796b76-8cd5-4b8f-8c18-83c4d343cfe1,ボタン,button,,
c791e3b2-ecd2-4b04-9ac9-20aba86347b9,鍵,a key,,
080b8e38-1d75-4cae-9bb4-5174297b424e,にぎやか,"bustling, lively",,
a11feda3-c547-40a9-9850-dfdd00f0bb98,服,clothes,,
c3d5d026-c7aa-461a-ac58-bdf56cf34e5d,暖かい,warm,,
9d6b3438-c9a5-44c6-bcc5-656120f7cfbe,病気,illness; sickness,,
7ab8a699-0aa4-49f4-9188-9d189998b46b,傘,"umbrella, parasol",,
3a69a754-5dae-4503-9184-ce78c6ed1e72,遠い,"far (away), distant",,
40ea1850-039a-4a9f-84e1-e0d2d2701e5d,厚い,"thick, deep",,
92f97da6-7a8f-47cc-9985-36d673870a4b,マッチ,matchstick,,
6c9db455-8d6c-4682-9117-05e4a699635c,いい; よい,good,,
161c2ec6-bffb-4d96-8e67-a916fa1b9904,強い,"strong, powerful",,
87bf3ebd-904f-4a2f-a587-0be537cae273,鉛筆,pencil,,
9412e420-fb8f-4c97-977d-8c1977fd5eff,可愛い,"cute, adorable",,
9f438bd6-b219-447c-88fa-2890633ca36b,段々,"gradually, little by little",,
30865b55-6509-4db0-abab-2eefa5590635,テープ,tape,,
d55e142e-f72f-4351-af40-ddc577d2ec02,戸,door (Japanese style),,
7e6d7c7a-33bb-473f-895c-74af447800b7,大切,important,,
6bf26084-d43c-4787-a200-c2c005464936,つまらない,boring; dull; uninteresting,,
1b3771e1-dade-4061-8a4c-eb7080d18c94,洋服,Western-style clothing,,
888083ba-91b7-4217-8a1d-98287d4b10d9,大丈夫,It's okay; No need to worry; Everything is fine.,,
e8ab88a3-c9a9-4e18-b296-7e56ec1927b8,魚,fish,,
d6c23f0e-a24e-46c4-9bcc-114039cf362a,欲しい,"to want, to desire",,
21bc0bb3-4cb6-4e13-b8e6-3a25c42858eb,晩,evening,,
0b2a9827-c044-4b6f-87ea-e2a3fb9c3758,池,pond,,
214253c4-f859-4b07-b5e0-823d3643dc5f,意味,"meaning, significance",,
23ff8b57-4a68-4ee5-9520-13ae7557ce55,どの,which (used to ask about a choice among options),,
44c7487c-44ad-4523-b9fe-0afdf240e306,ボールペン,a pen that uses a ballpoint to write,,
3d3102fd-60e6-4b08-ae78-0f192321de1a,狭い,narrow; small; not spacious,,
337eee7d-71ff-4dd0-b6f8-98df3221f44b,小さな,"small, little",,
507b3a88-c63a-47f1-ae01-1020a50f88ef,体,body; health,,
80d81e2b-c813-47a7-a33d-9e590d7ba75a,温い,lukewarm; not hot or cold,,
32fe60e4-a983-4175-aedf-c551797fc72a,紙,paper,,
effca5b8-8db5-4a1f-986a-95d7c3f4aea1,映画館,"movie theater, cinema",,
237b7d9c-7467-46ad-8a39-b7de5facd2bc,動物,animal,,
d6dd4c4d-a1e4-4b3e-bb28-1219e3e5902a,木,tree; wood,,
2d323895-9647-4b83-9681-6eb7b41fa227,黄色い,yellow,,
f441c194-35d3-4b43-964a-2bba27fffb72,空,sky,,
5baedf88-6ed7-4169-97e1-6e09ed7e01d3,漢字,kanji; Chinese character,,
f5ac5643-5336-4b0b-9ef3-4d3f2d58e686,上手,"to be good at, skillful",,
3fafe84a-7a45-4168-a3e9-4700b8ca5560,鳥,bird (including chicken),,
6e403581-09a8-4b09-a7e6-0a9957f41682,声,voice,,
ab4c9df4-9cff-418f-a45b-ce67a900ed64,便利,"convenient, handy",,
c33b7b2a-83d3-4b29-a0f9-a253b2e2b6ee,出口,an exit,,
2ab22282-e376-42a7-ac42-00d6d5bb7632,どんな,what kind of; what sort of,,
0954751d-0ecb-4bb9-a60d-2dcb4f0a6708,セーター,sweater,,
506234ae-2b91-4a1b-8c24-3b0b5553c597,冬,winter,,
e427fe2c-adc0-417d-9bbf-0b8067bb96f5,危ない,"dangerous, risky",,
29cac6bf-2844-421a-9ec3-18a3189a03ed,封筒,envelope,,
83ceb78b-6374-4082-8d4b-13f90d2c6137,花,flower,,
7ee6fe3b-8efe-4988-8d51-f2425df24683,テーブル,"a piece of furniture with a flat top and one or more legs, used for various purposes such as eating or working",,
e5e702f1-59c9-472d-9af1-107fd4f41162,近い,"near, close",,
5c5f983d-1dbc-4334-aaa6-df3402e672ab,元気,"healthy, energetic",,
4e79c565-2e9e-4cc8-b833-04c5f45f4570,大きな,big,,
