Word,Reading,Meaning,JLPT,Word Type,Example Sentence JP,Example Sentence EN
ああ,ああ,"Ah!, Oh!",N5,Interjection,ああ、疲れた！,"Ah, I’m tired!"
会う,あう,"to meet, to see",N5,Godan verb with 'u' ending,今日、会うよ。,I'll see him today.
青,あお,blue,N5,Noun,空は青い。,The sky is blue.
青い,あおい,blue,N5,I-adjective (keiyoushi),空は青い。,The sky is blue.
赤,あか,red,N5,Noun,顔赤いよ。,Your face is red.
赤い,あかい,red,N5,I-adjective (keiyoushi),顔赤いよ。,Your face is red.
明るい,あかるい,bright (in reference to personality or weather); cheerful,N5,I-adjective (keiyoushi),月は明るい。,The moon is bright.
秋,あき,fall (season),N5,Noun,秋ですね。,Autumn is here.
開く,あく,"to open, to become open",N5,Godan verb with 'ku' ending,本を開けないで。,Don't open your book.
開ける,あける,to open (v.t.),N5,Ichidan verb,窓を開けないで。,Don't open the window.
上げる,あげる,"to raise, to lift",N5,Ichidan verb,頭を上げないで。,Don't raise your head.
朝,あさ,morning,N5,Noun,朝ご飯よ！,Breakfast!
朝御飯,あさごはん,breakfast,N5,Noun,朝御飯にパンを食べます。,I eat bread for breakfast.
明後日,あさって,day after tomorrow,N5,Noun,また明後日。,See you in two days.
足; 脚,あし,foot; leg,N5,Noun,足が速いです。,My legs are fast.
明日,あした,tomorrow,N5,Noun,明日暇？,Are you free tomorrow?
あそこ,あそこ,"there, over there, that place",N5,Pronoun,あそこを見て。,Look over there.
遊ぶ,あそぶ,to play; to spend time pleasantly; to hang out,N5,Godan verb with 'bu' ending,ここで遊ばないで。,Don't play here.
暖かい,あたたかい,warm,N5,I-adjective (keiyoushi),そこ暖かい？,Is it warm there?
頭,あたま,head,N5,Noun,頭痛い。,I have a headache.
新しい,あたらしい,new,N5,I-adjective (keiyoushi),それ、新しい車？,Is that a new car?
あちら,あちら,this way (polite),N5,Pronoun,あちらの方は奥さんですか？,Is that your wife?
暑い,あつい,"hot (in reference to weather), warm",N5,I-adjective (keiyoushi),暑い？,Is it hot?
熱い,あつい,hot (objects),N5,I-adjective (keiyoushi),熱い？,Is it hot?
厚い,あつい,"kind, warm(hearted), thick, deep",N5,I-adjective (keiyoushi),厚い本だな。,That book is thick.
あっち,あっち,over there,N5,Pronoun,あっちへ行け！,Go away.
後,あと,afterwards (later); in the future; the rest; since then,N5,Noun,後はお願いね！,The rest is up to you!
あなた,あなた,you,N5,Pronoun,あなたの本？,Is the book yours?
兄,あに,(my) older brother (humble),N5,Noun,兄がいます。,I have an older brother.
姉,あね,(my) older sister (humble),N5,Noun,姉はいない。,I don't have an older sister.
アパート,アパート,apartment (abbr.),N5,Noun,いいアパートね。,This is a great apartment.
あの,あの,"that over there; like that, that way; um...",N5,Pre-noun adjectival (rentaishi),あの…,Err...
浴びる,あびる,"to bathe, to shower",N5,Ichidan verb,シャワー浴びるの？,Are you going to shower?
危ない,あぶない,"dangerous, critical",N5,I-adjective (keiyoushi),危ない！,Look out!
甘い,あまい,"generous, sweet",N5,I-adjective (keiyoushi),りんごは甘い。,Apples are sweet.
余り,あまり,not very; surplus,N5,Noun,余り楽しくなかったな。,I didn't enjoy it very much.
雨,あめ,rain,N5,Noun,雨は好き？,Do you like rain?
飴,あめ,(hard) candy,N5,Noun,飴がほしい。,I want a piece of candy.
洗う,あらう,to wash,N5,Godan verb with 'u' ending,洗ってください。,Please wash it.
在る,ある,"to be, to have",N5,Godan verb with 'ru' ending (irregular verb),神はいるよ。,God exists.
有る,ある,"to be, to have",N5,Godan verb with 'ru' ending (irregular verb),彼は学生に人気が有る。,He's popular with the students.
歩く,あるく,to walk,N5,Godan verb with 'ku' ending,歩くの疲れたよ。,I am tired from walking.
あれ,あれ,that one (over there),N5,Pronoun,あれ何？,What's that?
いい; よい,いい; よい,good,N5,I-adjective (keiyoushi),いいよ。,All right.
いいえ,いいえ,"no, not at all",N5,Interjection,いいえ、大丈夫です。,"No, I’m fine."
言う,いう,to say,N5,Godan verb with 'u' ending,そんなこと言わないで。,Don't say that.
家,いえ,"house, home",N5,Noun,家はどこ？,Where is your house?
いかが,いかが,"how, in what way",N5,Adverb (fukushi),一口いかが？,How about a bite to eat?
行く,いく; ゆく,to go,N5,Godan verb - Iku/Yuku special class,行くの？,Are you going?
いくつ,いくつ,"how many, how old",N5,Adverb (fukushi),つまらないなあ。,I'm bored.
いくら,いくら,"how much, how many",N5,Noun,500gいくら？,How much for half a kilo?
池,いけ,pond,N5,Noun,池に入らないでください。,Please don't enter the pond.
医者,いしゃ,doctor; physician,N5,Noun,彼は医者だ。,He is a doctor.
椅子,いす,chair,N5,Noun,なあに、その椅子？,What's this chair doing here?
忙しい,いそがしい,"busy (people, days)",N5,I-adjective (keiyoushi),まだ忙しい？,Are you still busy?
痛い,いたい,hurt; painful; sore,N5,I-adjective (keiyoushi),痛！,Ouch!
一,いち,one,N5,Numeric,一杯どう？,How about a drink?
一日,いちにち,one day (duration),N5,Noun,良い一日を。,Have a nice day.
一番,いちばん,"best (most), first, number one",N5,Noun,私が一番。,I'm first.
いつ,いつ,when,N5,Pronoun,いつ？,When?
五日,いつか,five days; fifth day of the month,N5,Noun,五日待ってくれ。,Give me five days.
一緒,いっしょ,together,N5,Noun,一緒に来るの？,Are you coming with me?
五つ,いつつ,five things,N5,Numeric,この箱にはりんごが五つ入っている。,This box contains five apples.
いつも,いつも,"always, usually, every time, never (with neg. verb)",N5,Adverb (fukushi),いつも忙しいの？,Are you always busy?
犬,いぬ,dog,N5,Noun,犬に注意！,Beware of the dog!
今,いま,now,N5,Noun,今日は。,Hello!
意味,いみ,"meaning, significance",N5,Noun,どういう意味？,What do you mean?
妹,いもうと,younger sister (humble),N5,Noun,妹さんは元気？,How's your sister?
嫌,いや,"disagreeable, detestable, unpleasant",N5,Na-adjective (keiyodoshi),嫌だ！,No!
入口,いりぐち,entrance,N5,Noun,入口の前に立った。,He stood in front of the entrance.
居る,いる,"(humble) to be (animate), to exist",N5,Ichidan verb,彼ら、中にいるの？,Are they inside?
要る,いる,to need,N5,Godan verb with 'ru' ending,要る？,Want it?
入れる,いれる,to put in,N5,Ichidan verb,氷は入れる？,Would you like ice?
色,いろ,color,N5,Noun,何色なの？,What colour is it?
色々,いろいろ,various,N5,Na-adjective (keiyodoshi),色々ありがとう。,Thanks for everything.
上,うえ,"above (up, top, etc.), over, on top of",N5,Noun,よくできたね！,Well done!
後ろ,うしろ,"back, behind, rear",N5,Noun,後ろを見ろ。,Look back!
薄い,うすい,"thin, weak",N5,I-adjective (keiyoushi),あの人はあまり目立たない。,He doesn't stand out much.
歌,うた,a song,N5,Noun,歌える。,I can sing.
歌う,うたう,to sing,N5,Godan verb with 'u' ending,歌える。,I can sing.
うち,うち,home; house; my place,N5,Noun,今、お家？,Are you at home now?
生まれる,うまれる,to be born,N5,Ichidan verb,それって、私が生まれる前？後？,Was that before or after I was born?
海,うみ,"sea, beach",N5,Noun,海は広い。,The sea is vast.
売る,うる,to sell (v.t.),N5,Godan verb with 'ru' ending,彼は果物を売る。,He sells fruit.
うるさい,うるさい,noisy; annoying,N5,I-adjective (keiyoushi),うるさい！,"Hey you, shut up!"
上着,うわぎ,"coat, jacket",N5,Noun,彼は上着を掛けた。,He hung up his coat.
絵,え,a painting; a picture; a drawing,N5,Noun,私の絵だよ。,This is my painting.
映画,えいが,"movie, film",N5,Noun,映画に行くの？,You're going to a movie?
映画館,えいがかん,"movie theater, cinema",N5,Noun,映画館にいたんだ。,I was at a movie theater.
英語,えいご,English (language),N5,Noun,英語はもう嫌だ！,I'm fed up with English.
ええ,ええ,yes,N5,Interjection,ええ、分かりました。,"Yes, I understand."
駅,えき,station,N5,Noun,東京駅にいるよ。,I'm at Tokyo Station now.
エレベーター,エレベーター,elevator,N5,Noun,エレベーター使おう！,Let's take the elevator!
～円,～えん,Yen,N5,Noun,５０円です。,It's 50 yen.
鉛筆,えんぴつ,pencil,N5,Noun,これは鉛筆。,This is a pencil.
お～,お～,honorable ~ (honorific),N5,Noun,おい！,Hey.
美味しい,おいしい,"delicious, tasty",N5,I-adjective (keiyoushi),美味しい！,Yummy!
多い,おおい,many; there are a lot,N5,I-adjective (keiyoushi),質問が多い。,I have a lot of questions.
大きい,おおきい,"big, large",N5,I-adjective (keiyoushi),彼は声が大きい。,He has a loud voice.
大きな,おおきな,big,N5,Pre-noun adjectival (rentaishi),大きな犬ね。,It's a big dog.
大勢,おおぜい,great number of people,N5,Noun,大勢の人が見てた？,Were there many people watching?
お母さん,おかあさん,mother (formal),N5,Noun,お母さんはどこ？,Where is mother?
お菓子,おかし,"confections, sweets, snack",N5,Noun,お菓子買ってよ。,Buy me a snack.
お金,おかね,money,N5,Noun,お金ある？,Do you have any money?
起きる,おきる,"to get up (e.g., from sleeping); to happen",N5,Ichidan verb,いつ起きるの？,When are you going to get up?
置く,おく,to put; to lay; to place,N5,Godan verb with 'ku' ending,通路に物を置かないで。,Don't put your things in the passage.
奥さん,おくさん,(someone else's) wife (hon.),N5,Noun,奥さんはお元気？,How is the wife?
お酒,おさけ,sake; alcohol,N5,Noun,お酒飲んでるの？,Are you drinking?
お皿,おさら,"plate, dish",N5,Noun,お皿洗って。,Wash the dishes.
伯父; 叔父さん,おじさん,"uncle, middle-aged man",N5,Noun,おじさんは家にいます。,My uncle is at home.
おじいさん,おじいさん,"grandfather, male senior citizen",N5,Noun,おじいさんの世話をする。,I take care of my grandfather.
教える,おしえる,"to teach, to inform, to instruct",N5,Ichidan verb,彼に教えないで。,Don't tell him.
押す,おす,"to push, to press, to stamp (e.g., a passport)",N5,Godan verb with 'su' ending,押す！,Push!
遅い,おそい,slow; (to be) late,N5,I-adjective (keiyoushi),トムは遅い。,Tom's late.
お茶,おちゃ,(green) tea,N5,Noun,お茶です。,It's tea.
お手洗い,おてあらい,"toilet, restroom, bathroom (lit., a place to wash one's hands)",N5,Noun,お手洗いはどこですか？,Where is the bathroom?
お父さん,おとうさん,father (formal),N5,Noun,お父さんはどこ？,Where is your father?
弟,おとうと,younger brother,N5,Noun,弟のです。,It's my brother's.
男,おとこ,"man, male",N5,Noun,ひどい男。,What a jerk.
男の子,おとこのこ,boy,N5,"Expressions (phrases, clauses, etc.)",あの男の子は誰？,Who is that boy?
一昨日,おととい,the day before yesterday,N5,Noun,一昨日風が吹いた。,Two days ago the wind blew.
おととし,おととし,year before last,N5,Noun,私は一昨年この山に登りました。,I climbed this mountain the year before last.
大人,おとな,adult,N5,Noun,大人になってよ！,Grow up!
お腹,おなか,stomach,N5,Noun,お腹一杯！,I'm stuffed!
同じ,おなじ,"same, identical",N5,Noun or verb acting prenominally,同じ意見です。,I agree.
お兄さん,おにいさん,(someone else's) older brother (formal),N5,Noun,お兄さんは何歳ですか？,How old is your brother?
お姉さん,おねえさん,older sister (formal),N5,Noun,お姉さんのことよ。,It's about your sister.
伯母さん; 叔母さん,おばさん,aunt,N5,Noun,おばさんが料理を作っています。,My aunt is cooking.
おばあさん,おばあさん,"grandmother, female senior-citizen",N5,Noun,おばあさんはバスから降りた。,The old lady got down from the bus.
お風呂,おふろ,a bath,N5,Noun,お風呂にする？,Do you want a bath?
お弁当,おべんとう,a boxed lunch,N5,Noun,あれはトムのお弁当箱？,Is that Tom's lunch box?
覚える,おぼえる,"to learn, to commit to memory, to remember, to memorize",N5,Ichidan verb,覚えるの、簡単よ。,It's easy to learn.
おまわりさん,おまわりさん,policeman (friendly term),N5,Noun,すみません、おまわりさん。ここはどこですか。,"Excuse me, officer, where are we now?"
重い,おもい,heavy; serious,N5,I-adjective (keiyoushi),頭が重い。,I feel heavy in the head.
面白い,おもしろい,"interesting, amusing",N5,I-adjective (keiyoushi),面白い。,Interesting.
泳ぐ,およぐ,to swim,N5,Godan verb with 'gu' ending,彼は泳ぐのが怖い。,He is afraid of swimming.
降りる,おりる,to get off,N5,Ichidan verb,終点で降りる。,We'll get off at the last station.
終る,おわる,"to finish, to close",N5,Godan verb with 'ru' ending,授業が終わった。,Class has ended.
音楽,おんがく,Music,N5,Noun,音楽は好き？,Are you fond of music?
女,おんな,"woman, female",N5,Noun,女性が先だよ。,Ladies go first.
女の子,おんなのこ,girl,N5,"Expressions (phrases, clauses, etc.)",この女の子は誰？,Who is this girl?
～回,～かい,counter for occurrences (~ times),N5,Counter,回れ右！,About face!
～階,～かい,counter for stories (floors) of a building,N5,Noun,何階なの？,What floor?
外国,がいこく,foreign country; abroad,N5,Noun,外国人だ。,I am a foreigner.
外国人,がいこくじん,foreigner,N5,Noun,外国人だ。,I am a foreigner.
会社,かいしゃ,"company, corporation",N5,Noun,会社員です。,I'm an office worker.
階段,かいだん,stairs,N5,Noun,階段がある。,There are stairs.
買い物,かいもの,shopping,N5,Noun,買い物大好き！,I love shopping!
買う,かう,to buy,N5,Godan verb with 'u' ending,それ買うよ。,I'll buy it.
返す,かえす,to return something,N5,Godan verb with 'su' ending,同じことが起きるんだ。,The same thing happens again.
帰る,かえる,"to go back, to go home, to return",N5,Godan verb with 'ru' ending,今から帰る？,Are you going back now?
顔,かお,face (body part),N5,Noun,笑顔！笑顔！,Try to smile.
かかる,かかる,"it takes (amount of time, money) (v.i.)",N5,Godan verb with 'ru' ending,壁により掛かるな。,Don't lean against the wall.
鍵,かぎ,a lock; a key,N5,Noun,鍵ある？,Do you have the keys?
書く,かく,to write,N5,Godan verb with 'ku' ending,書くものをくれ。,Give me something to write on.
学生,がくせい,student,N5,Noun,学生なの？,Are you a student?
～か月,～かげつ,(number of) months,N5,Counter,今は四ヶ月目です。,I'm four months along.
掛ける,かける,"to put on (e.g., glasses); to hang (e.g., on a wall)",N5,Ichidan verb,明日は出掛けるの？,Are you going out tomorrow?
かける,かける,"to dial/call (e.g., phone); to sit down",N5,Ichidan verb,３×５＝１５。,3 multiplied by 5 is 15.
傘,かさ,"umbrella, parasol",N5,Noun,傘さす？,Do you want an umbrella?
貸す,かす,to lend,N5,Godan verb with 'su' ending,金を貸す。,I lend money.
風,かぜ,"wind, breeze",N5,Noun,風は強い？,Is it windy?
風邪,かぜ,"cold, flu",N5,Noun,風邪かな？,Do I have a cold?
方,かた,-- honorific form for 人 (ひと) --; way of doing,N5,Noun,嘘はよくないよ。,Lies aren't good.
家族,かぞく,"family, members of a family",N5,Noun,大家族なの？,Do you have a big family?
片仮名,かたかな,katakana,N5,Noun,平仮名は書けるんだけど、片仮名はまだ書けないんだ。,"I can write hiragana, but I can't yet write katakana."
～月,～がつ,month of year,N5,Noun,月見て！,Look at the moon.
学校,がっこう,a school,N5,Noun,学校はどう？,How's school?
カップ,カップ,cup,N5,Noun,カップが割れた。,The cup broke.
家庭,かてい,home; family,N5,Noun,あの旅館は家庭的だ。,The hotel has a homey atmosphere.
角,かど,"corner (e.g., desk, pavement)",N5,Noun,ほんの一部だけだよ。,That's just a small part of it.
かばん,かばん,"bag, basket",N5,Noun,かばんを返せ。,Give me back my bag.
花瓶,かびん,(flower) vase,N5,Noun,花瓶割ったの誰？,Who broke the vase?
かぶる,かぶる,"to wear, to put on (e.g., a hat on the head)",N5,Godan verb with 'ru' ending,彼らは帽子をかぶると外へ出た。,They put their hats on and went outside.
紙,かみ,paper,N5,Noun,紙がほしい。,I need some paper.
カメラ,カメラ,camera,N5,Noun,あ、カメラ忘れた！,"Darn it, I forgot my camera!"
火曜日,かようび,Tuesday,N5,Noun,今日は火曜日です。,Today is Tuesday.
辛い,からい,hot and spicy; salty,N5,I-adjective (keiyoushi),辛い？,Is it hot?
体,からだ,body; health,N5,Noun,体重何キロ？,What do you weigh?
借りる,かりる,"to borrow, to owe",N5,Ichidan verb,金を借りるのも貸すのも嫌だ。,I don't want to lend or borrow.
～がる,～がる,feel,N5,Auxiliary verb,彼は寒がっています。,He’s feeling cold.
軽い,かるい,"light, non-serious, minor",N5,I-adjective (keiyoushi),軽い風邪です。,It's only a slight cold.
カレー,カレー,curry (abbr. for curry and rice),N5,Noun,今日もカレーよ。,Today it will also be Japanese curry.
カレンダー,カレンダー,calendar,N5,Noun,カレンダーはどこ？,Where is the calendar?
川; 河,かわ,river,N5,Noun,誰でも失敗はある。,Anyone can make mistakes.
～側,～がわ,~ side,N5,Noun,左側通行です。,Keep to the left.
可愛い,かわいい,"cute, adorable",N5,I-adjective (keiyoushi),可愛いよ。,You're cute.
漢字,かんじ,kanji; Chinese character,N5,Noun,漢字を書きます。,I write kanji.
木,き,"tree, wood, timber",N5,Noun,木が浮く。,Wood floats.
黄色,きいろ,yellow,N5,Noun,花は黄色い。,Flowers are yellow.
黄色い,きいろい,yellow,N5,I-adjective (keiyoushi),花は黄色い。,Flowers are yellow.
消える,きえる,"to vanish, to disappear",N5,Ichidan verb,雪はすぐに消えるだろう。,The snow will soon disappear.
聞く,きく,"to hear, to listen, to ask",N5,Godan verb with 'ku' ending,なぜ聞くの？,Why do you ask?
北,きた,north,N5,Noun,北って、どっち？,Which direction is north?
ギター,ギター,guitar,N5,Noun,ギターを習いたいの？,Do you want to learn to play guitar?
汚い,きたない,"dirty, unclean, filthy",N5,I-adjective (keiyoushi),汚いかな？,Is it dirty?
喫茶店,きっさてん,café,N5,Noun,喫茶店に行きたい？,Do you want to go to a coffee shop?
切手,きって,postal (postage) stamps,N5,Noun,切手はどこで買える？,Where can I get stamps?
切符,きっぷ,a ticket,N5,Noun,切符代、ある？,Do you have money for a ticket?
昨日,きのう,yesterday,N5,Noun,昨日、泳いだ？,Did you swim yesterday?
九,きゅう,nine,N5,Numeric,猫は丈夫だね。,Cats are tough.
牛肉,ぎゅうにく,beef,N5,Noun,牛肉は高い。,Beef is expensive.
牛乳,ぎゅうにゅう,milk,N5,Noun,牛乳が悪くなった。,The milk has gone bad.
今日,きょう,"today, this day",N5,Noun,今日は。,Hello!
教室,きょうしつ,classroom,N5,Noun,教室でね。,See you in class.
兄弟,きょうだい,"siblings (humble), brothers and sisters",N5,Noun,何人兄弟なの？,How many brothers and sisters do you have?
去年,きょねん,last year,N5,Noun,去年の新人です。,I was a freshman last year.
嫌い,きらい,dislike,N5,Na-adjective (keiyodoshi),嫌だ！,No!
切る,きる,to cut; to hang up (a phone),N5,Godan verb with 'ru' ending,そろそろ切るね。,Shall we hang up now?
着る,きる,to put on (clothes above your waist); to wear,N5,Ichidan verb,本当に助かるよ。,You're really helping me out.
綺麗,きれい,"pretty, clean, tidy",N5,Na-adjective (keiyodoshi),綺麗じゃない？,"Beautiful, don't you think?"
キロ; キログラム,キロ; キログラム,(abbr.) kilo (kilogram),N5,Prefix,文書を書くのも大切だよ。,Writing documentation is important too.
キロ; キロメートル,キロ; キロメートル,(abbr.) kilo (kilometer),N5,Prefix,"1,000mは1kmです。",A thousand meters is one kilometer.
銀行,ぎんこう,bank,N5,Noun,彼は銀行員です。,He is a bank clerk.
金曜日,きんようび,Friday,N5,Noun,花の金曜日だ！,Thank God it's Friday!
九,く,nine,N5,Numeric,猫は丈夫だね。,Cats are tough.
薬,くすり,medicine,N5,Noun,お薬飲んだ？,Have you taken your medicine yet?
下さい,ください,(with te-form verb) please do for me,N5,"Expressions (phrases, clauses, etc.)",来て下さい。,Please come.
果物,くだもの,fruit,N5,Noun,好きな果物は？,What's your favorite fruit?
口,くち,job opening; mouth,N5,Noun,口は堅い？,Are you good at keeping secrets?
靴,くつ,"shoes, footwear",N5,Noun,靴を履いて。,Put on your shoes.
靴下,くつした,socks,N5,Noun,君の靴下臭いよ。,Your socks stink.
国,くに,country; place of origin,N5,Noun,外国人だ。,I am a foreigner.
曇り,くもり,"cloudiness, cloudy weather",N5,Noun,曇りの日です。,It's a cloudy day.
曇る,くもる,"to become cloudy, to become dim",N5,Godan verb with 'ru' ending,マスクをつけると眼鏡が曇る。,"When I wear a mask, my glasses get steamed up."
暗い,くらい,"dark, gloomy",N5,I-adjective (keiyoushi),外は暗い。,It is dark outside.
～くらい; ぐらい,～くらい; ぐらい,approximate (quantity),N5,I-adjective (keiyoushi),毎月何回ぐらい映画に行くんですか？,How often do you go to the movies every month?
クラス,クラス,a class,N5,Noun,クラスに友達いる？,Do you have friends in your class?
グラム,グラム,gram,N5,Noun,500グラムでおいくら？,How much for half a kilo?
来る,くる,to come,N5,Kuru verb - special class,来る？,Are you coming?
車,くるま,"car, vehicle",N5,Noun,自転車は？,And your bike?
黒,くろ,black,N5,Noun,最後まで勝負は分からない。,You never know who'll win until the end.
黒い,くろい,black; dark,N5,I-adjective (keiyoushi),彼は性格が悪い。,He’s nasty.
警官,けいかん,police officer,N5,Noun,警官なの？,Are you cops?
今朝,けさ,this morning,N5,Noun,今朝の虹みた？,Did you see the rainbow this morning?
消す,けす,"to erase, to delete, to turn off power",N5,Godan verb with 'su' ending,私は水で火を消す。,I am extinguishing the fire with water.
結構,けっこう,"splendid; enough, tolerably",N5,Na-adjective (keiyodoshi),結構です。,It's fine.
結婚,けっこん (する),marriage (get married),N5,Noun,結婚するの？,Are you getting married?
月曜日,げつようび,Monday,N5,Noun,月曜日です。,It's Monday.
玄関,げんかん,entrance (to a house or a building),N5,Noun,だれか玄関にいる。,Someone is at the door.
元気,げんき,"health(y), energetic",N5,Na-adjective (keiyodoshi),元気？,How is it going?
～個,～こ,"counter for small items (e.g., fruits, cups)",N5,Counter,彼は個性が強い。,He has a strong personality.
五,ご,five,N5,Numeric,五ドルある？,Do you have five dollars?
～語,～ご,"word, language",N5,Noun,母語は何ですか？,What is your mother tongue?
公園,こうえん,a park,N5,Noun,公園で会えない？,Can we meet at the park?
交差点,こうさてん,intersection,N5,Noun,交差点で事故があった。,There was an accident at the intersection.
紅茶,こうちゃ,black tea,N5,Noun,紅茶はいかが？,How about some tea?
交番,こうばん,police box,N5,Noun,向こうの交番で聞いてください。,Ask at the police box over there.
声,こえ,voice,N5,Noun,鼻声だね。,You are talking through the nose.
コート,コート,"coat; court (e.g., tennis)",N5,Noun,コート脱いだら？,Why don't you take off your coat?
コーヒー,コーヒー,coffee,N5,Noun,コーヒーはどう？,Won't you have some coffee?
ここ,ここ,"here, this place",N5,Noun,その心は？,What does that mean?
午後,ごご,"afternoon, P.M.",N5,Noun,午後二時です。,It's two o'clock in the afternoon.
九日,ここのか,nine days; ninth day of the month,N5,Noun,明日の朝九時から検査があるので、夜九時以降は何も食べないで。,"There's a test at 9 a.m. tomorrow, so please don't eat after 9 p.m. tonight."
九つ,ここのつ,nine things,N5,Numeric,新二は九つのココナッツを食べました。,Shinji ate nine coconuts.
午前,ごぜん,"morning, A.M.",N5,Noun,午前８時です。,It’s 8:00 am.
答える,こたえる,"to answer, to reply",N5,Ichidan verb,君が答える必要はない。,You don't have to answer.
こちら,こちら,this person (polite); this way (polite),N5,Pronoun,こちらこそ。,The pleasure is mine.
こっち,こっち,this person; this direction; this side,N5,Pronoun,早く、こっち！,"Come here, fast!"
コップ,コップ,a tumbler; a glass,N5,Noun,これ誰のコップ？,Whose glass is this?
今年,ことし,this year,N5,Noun,今年は雨が多い。,We've had a lot of rain this year.
言葉,ことば,language; word(s); expression(s),N5,Noun,合言葉は？,Password?
子供,こども,child(ren),N5,Noun,子供好き？,Do you like kids?
この,この,this,N5,Pre-noun adjectival (rentaishi),こら！,Hey!
御飯,ごはん,rice (cooked); meal,N5,Noun,夕御飯ができました。,Dinner is ready.
コピーする,コピーする,to copy,N5,Noun,映画館は大変だね。,Movie theaters are having a tough time.
困る,こまる,"to be bothered, to have difficulty",N5,Godan verb with 'ru' ending,杖がないと困る。,I need my cane.
これ,これ,this one,N5,Pronoun,これ何？,What is this?
～ころ; ～ごろ,～ころ; ～ごろ,"about, toward, approximately (time)",N5,Noun,この頃あなたらしくない。,You don't seem to be yourself these days.
今月,こんげつ,this month,N5,Noun,今月は何月ですか？,What is the current month?
今週,こんしゅう,this week,N5,Noun,今週末は暇？,Are you free this weekend?
こんな,こんな,"such, like this",N5,Pre-noun adjectival (rentaishi),こんな所出よう！,I wanna get out of here!
今晩,こんばん,"tonight, this evening",N5,Noun,今晩暇かな？,Are you free tonight?
さあ,さあ,"come now, well",N5,Interjection,さあ、始めましょう！,"Well, let’s get started!"
～歳,～さい,~ years old,N5,Noun,万歳！,Hooray!
財布,さいふ,wallet,N5,Noun,ほら財布だ。,Here's my wallet.
魚,さかな,fish,N5,Noun,魚を食べる。,I eat fish.
先,さき,"future; recent, previous",N5,Noun,先生なの？,Are you a teacher?
咲く,さく,to bloom,N5,Godan verb with 'ku' ending,梅の花は3月に咲く。,Plum blossoms come out in March.
作文,さくぶん,essay; composition,N5,Noun,彼は報告書を作文した。,He wrote the report.
差す,さす,"to raise (stretch out) hands, to raise (e.g., umbrella)",N5,Godan verb with 'su' ending,人を指差すのは失礼だよ。,It's not polite to point at others.
～冊,～さつ,counter for books,N5,Counter,本は何冊借りたの？,How many books did you borrow?
雑誌,ざっし,"magazine, journal",N5,Noun,この雑誌を読みたいの？,Do you want to read this magazine?
砂糖,さとう,sugar,N5,Noun,砂糖がない。,We have no sugar.
寒い,さむい,cold (in reference to weather),N5,I-adjective (keiyoushi),寒い。,It's cold.
さ来年,さらいねん,year after next,N5,Noun,「娘さんて、今年就職？」「ううん。来年よ」,"""Your daughter – will she be looking for work this year?"" ""No. The next year."""
～さん,～さん,"Mr. ~, Ms. ~",N5,Numeric,悲惨！,How tragic!
三,さん,three,N5,Numeric,三人兄弟なの？,Are you three brothers?
散歩,さんぽ (する),"walk, stroll",N5,Noun,散歩をした。,I took a walk.
四,し,four,N5,Numeric,見て！四つ葉！,Look! A four-leafed clover!
～時,～じ,~ o'clock (time),N5,Noun,何時ごろ？,About what time?
塩,しお,salt,N5,Noun,お塩とって。,Pass me the salt.
しかし,しかし,however; but,N5,Conjunction,しかし、なぜ？,But why?
時間,じかん,time,N5,Noun,時間ある？,Are you available?
～時間,～じかん,~ hours,N5,Noun,時間ある？,Are you available?
仕事,しごと,"work, job, occupation, employment",N5,Noun,仕事はどう？,How's work?
辞書,じしょ,dictionary,N5,Noun,Tatoebaは辞書だ。,Tatoeba is a dictionary.
静か,しずか,"quiet, calm",N5,Na-adjective (keiyodoshi),静かに！,Be quiet!
下,した,"under, below, beneath",N5,Noun,頭を下げて！,Lower your head!
七,しち,seven,N5,Numeric,七転び八起き。,Fall seven times. Stand up eight.
質問,しつもん,"question, inquiry",N5,Noun,質問していい？,May I ask a question?
自転車,じてんしゃ,bicycle,N5,Noun,自転車は？,And your bike?
自動車,じどうしゃ,automobile,N5,Noun,自動車は左折した。,The car made a turn to the left.
死ぬ,しぬ,to die,N5,Godan verb with 'nu' ending,死なないで！,Don't die!
字引,じびき,dictionary,N5,Noun,彼は物知りだね。,He's really knowledgeable.
自分,じぶん,"myself, oneself",N5,Pronoun,自分でやって！,Do it yourself!
閉まる,しまる,"to close, to be closed",N5,Godan verb with 'ru' ending,2時半に閉まる。,We close at 2:30.
閉める,しめる,"to close, to shut",N5,Ichidan verb,門を閉める時間だ。,It is time to shut the gate.
締める,しめる,"to tie, to fasten, to tighten",N5,Ichidan verb,彼女は自然が大好きなんだね。,She really loves nature.
じゃ; じゃあ,じゃ; じゃあ,"well, well then",N5,Conjunction,近所の神社に大きな木があるよ。,There’s a big tree at the local shrine.
写真,しゃしん,a picture; a photograph,N5,Noun,写真は見た？,Did you see the picture?
シャツ,シャツ,shirt,N5,Noun,シャツを脱いだ。,He removed his shirt.
シャワー,シャワー,shower,N5,Noun,シャワーするの？,Are you going to shower?
十,じゅう,ten,N5,Numeric,人それぞれだね。,Everyone’s different.
～中,～じゅう,"during, while",N5,Noun,これは古いものだよ。,It's used.
～週間,～しゅうかん,~ weeks,N5,Noun,三週間経った。,Three weeks went by.
授業,じゅぎょう,a class (of school),N5,Noun,彼等は授業中だ。,They are in class.
宿題,しゅくだい,homework,N5,Noun,宿題嫌だ！,I don't like homework.
上手,じょうず,"be good at, skillful",N5,Na-adjective (keiyodoshi),上手に泳げるの？,Can you swim well?
丈夫,じょうぶ,"strong, solid, durable",N5,Na-adjective (keiyodoshi),大丈夫？,You all right?
醤油,しょうゆ,soy sauce,N5,Noun,トム、そこの醤油取って。,"Tom, please pass me that soy sauce."
食堂,しょくどう,"cafeteria, dining hall",N5,Noun,食堂はどこですか。,Where is the cafeteria?
知る,しる,"to know, to understand",N5,Godan verb with 'ru' ending,知るか！,I don't care!
白,しろ,white,N5,Noun,面白そう！,It seems interesting to me.
白い,しろい,white,N5,I-adjective (keiyoushi),面白い。,Interesting.
～人,～じん,counter for people,N5,Noun,あの人誰？,Who is that man?
新聞,しんぶん,newspaper,N5,Noun,新聞どこ？,Where's the newspaper?
水曜日,すいようび,Wednesday,N5,Noun,今日は水曜日です。,Today is Wednesday.
吸う,すう,"to breathe in, to suck",N5,Godan verb with 'u' ending,紙は油を吸うよ。,Paper absorbs oil.
スカート,スカート,skirt,N5,Noun,スカート短すぎよ。,Your skirt is too short.
好き,すき,"liking, fondness, love",N5,Na-adjective (keiyodoshi),雨は好き？,Do you like rain?
～すぎ,～すぎ,"past; to exceed, ~ too much",N5,Noun,暑すぎ。,It's too hot.
少ない,すくない,a little; a few,N5,I-adjective (keiyoushi),５は８より少ない。,5 is less than 8.
すぐに,すぐに,"immediately, soon",N5,Adverb (fukushi),すぐに戻るよ。,I will be back soon.
少し,すこし,"little, few",N5,Adverb (fukushi),少し疲れた。,I'm a little tired.
涼しい,すずしい,"cool, refreshing (in reference to weather)",N5,I-adjective (keiyoushi),秋は涼しいです。,Autumn is cool.
～ずつ,～ずつ,at a time,N5,Suffix,傷ついた。,I was hurt.
ストーブ,ストーブ,heater (lit: stove),N5,Noun,ストーブ切った？,Did you turn the stove off?
スプーン,スプーン,spoon,N5,Noun,スプーンがありません。,There is a spoon missing.
スポーツ,スポーツ,sport(s),N5,Noun,スポーツは好き？,Do you like sports?
ズボン,ズボン,trousers,N5,Noun,このズボンいくら？,How much are these pants?
住む,すむ,"to reside, to live in",N5,Godan verb with 'mu' ending,私には住む家がない。,I have no home to live in.
する,する,"to do, to try; to wear small items (e.g., necktie, watch, etc.)",N5,Suru verb - included,何するの？,What are you doing?
座る,すわる,to sit,N5,Godan verb with 'ru' ending,その上に座るな。,Don't sit on it.
背,せい,"(one's) height, stature",N5,Noun,かっこいいね。,He looks cool.
生徒,せいと,student; pupil,N5,Noun,トムは生徒です。,Tom is a student.
セーター,セーター,sweater,N5,Noun,このセーターどう思う？,What do you think of this sweater?
石鹸,せっけん,soap,N5,Noun,石鹸がないよ。,There's no soap.
背広,せびろ,men's suit,N5,Noun,私は新しい背広を買った。,I bought a new suit of clothes.
狭い,せまい,narrow; not spacious,N5,I-adjective (keiyoushi),狭い部屋だね。,It's a small room.
ゼロ,ゼロ,zero,N5,Noun,リズム感ゼロね。,You have no sense of rhythm.
千,せん,thousand,N5,Numeric,千円で足りる？,Is one thousand yen enough?
先月,せんげつ,last month,N5,Noun,母は先月から病気だ。,My mother has been sick since last month.
先週,せんしゅう,last week,N5,Noun,彼らは先週来た。,They came last week.
先生,せんせい,"teacher, professor; master; doctor",N5,Noun,先生なの？,Are you a teacher?
洗濯,せんたく,"washing, laundry",N5,Noun,家に洗濯機はある？,Is there a washing machine in the house?
全部,ぜんぶ,"all, entire, whole",N5,Noun,それで全部？,Is that all?
そう; そうです,そう; そうです,"yes; appears, to be the case",N5,Noun,なんか誰かに雰囲気似てるなあと思ってましたが、言われてみてああそうそうですね。確かにZZ TOPってこういう感じでしたよね。,"I had a nagging feeling that the atmosphere resembled somebody and, now that you mention it, yes, you're right. Certainly ZZ TOP had this kind of feel."
掃除,そうじ (する),"cleaning, sweeping",N5,Noun,大掃除の時間よ。,It's time for spring cleaning.
そうして; そして,そうして; そして,"and, like that",N5,Conjunction,そうして欲しいなんて、言ったおぼえはない。,I never said that I wanted that.
そこ,そこ,"that place, there; bottom, sole",N5,Pronoun,そこ暖かい？,Is it warm there?
そちら,そちら,over there,N5,Pronoun,そちらこそお疲れ。,Thank you for your work as well.
そっち,そっち,over there,N5,Pronoun,そっちの天気は？,How's the weather there?
外,そと,"outside, exterior",N5,Noun,外見て！,Look outside!
その,その,that,N5,Pre-noun adjectival (rentaishi),その通り！,That's right!
そば,そば,"near, close, beside; Japanese traditional buckwheat noodle",N5,Noun,一緒に遊ばない？,Would you play with me?
空,そら,sky,N5,Noun,空は青い。,The sky is blue.
それ,それ,that one,N5,Pronoun,それ何？,What is it?
それから,それから,"and then, after that",N5,"Expressions (phrases, clauses, etc.)",それから10年が経った。,10 years have passed since then.
それでは,それでは,"in that situation, well then...",N5,Conjunction,さあそれでは始めよう。,"Well, let's get the ball rolling."
～台,～だい,counter for vehicles; machines,N5,Noun,台所はどこ？,Where's the kitchen?
大学,だいがく,college; university,N5,Noun,大学生です。,I am a university student.
大使館,たいしかん,embassy,N5,Noun,オランダ大使館はどこですか？,Where is the Dutch embassy?
大丈夫,だいじょうぶ,It's ok (all right); No need to worry; Everything is under control,N5,Na-adjective (keiyodoshi),大丈夫？,You all right?
大好き,だいすき,"very like-able, like very much",N5,Na-adjective (keiyodoshi),大好き。,I love you.
大切,たいせつ,important,N5,Na-adjective (keiyodoshi),大切にします。,I'll treasure it.
台所,だいどころ,kitchen,N5,Noun,台所はどこ？,Where's the kitchen?
大変,たいへん,"very; difficult, hard",N5,Adverb (fukushi),わぁ！大変だ！,Ah! This is bad!
高い,たかい,"tall, high; expensive",N5,I-adjective (keiyoushi),波が高い。,The waves are high.
～だけ,～だけ,"only ~, just ~, as ~",N5,Particle,私だけ？,Is it just me?
沢山,たくさん,"many, much",N5,Noun which may take the genitive case particle 'no',子供がたくさんいるね。,They have a lot of kids.
タクシー,タクシー,taxi,N5,Noun,タクシー代あるの？,Do you have money for a taxi?
出す,だす,to take (something) out; to hand in (something),N5,Godan verb with 'su' ending,口を出さないで。,Don't butt in.
～たち,～たち,plural suffix,N5,Noun,立ってください。,Please stand up.
立つ,たつ,to stand up,N5,Godan verb with 'tsu' ending,林に竹がある。,There's bamboo in the woods.
たて,たて,"length, height",N5,Noun,立てますか？,Can you stand up?
建物,たてもの,building,N5,Noun,高い建物ですね。,"That is a high building, is it not?"
楽しい,たのしい,"enjoyable, fun",N5,I-adjective (keiyoushi),楽しい旅を。,Enjoy your trip.
頼む,たのむ,"to request, to ask (a favor)",N5,Godan verb with 'mu' ending,頼むよー。,I'm begging you.
たばこ,たばこ,"tobacco, cigarettes",N5,Noun,たばこ止めたら？,Why don't you give up smoking?
多分,たぶん,"perhaps, probably, maybe",N5,Adverb (fukushi),多分そうだよ。,Maybe that's right.
食べ物,たべもの,food,N5,Noun,食べ物！,Food!
食べる,たべる,to eat,N5,Ichidan verb,食べる？,Do you want to eat?
卵,たまご,egg,N5,Noun,卵はどこ。,Where are the eggs?
誰,だれ,who,N5,Pronoun,誰？,Who are you?
誰か,だれか,someone,N5,Pronoun,誰かいる？,Is anybody here?
誕生日,たんじょうび,birthday,N5,Noun,誕生日いつ？,When is your birthday?
段々,だんだん,"gradually, by degrees",N5,Adverb (fukushi),段々思い出し始めてきた。,I am beginning to remember it.
小さい,ちいさい,"small, little",N5,I-adjective (keiyoushi),小さい！,So small!
小さな,ちいさな,"small, little",N5,Pre-noun adjectival (rentaishi),小さな部屋ね。,It's a small room.
近い,ちかい,"near, close by, short",N5,I-adjective (keiyoushi),もう１０時近い。,It is almost ten o'clock.
違う,ちがう,to be different; to differ; wrong,N5,Godan verb with 'u' ending,違う！,No!
近く,ちかく,nearby; in the neighborhood,N5,Noun,近くにいる？,Are you nearby?
地下鉄,ちかてつ,"underground train, subway",N5,Noun,地下鉄に乗ろう。,Let's take the subway.
地図,ちず,a map,N5,Noun,地図が要ります。,I need a map.
父,ちち,(my) father,N5,Noun,父が来ます。,My father is coming.
茶色,ちゃいろ,brown,N5,Noun,茶色の動物は？,What animal is brown?
茶碗,ちゃわん,rice bowl,N5,Noun,彼は茶碗のふちを欠いた。,He chipped the edge of the tea cup.
～中,～ちゅう,"during, while ~ing",N5,Noun,これは古いものだよ。,It's used.
丁度,ちょうど,"just, right, exactly",N5,Adverb (fukushi),丁度いい大きさよ。,It's just the right size.
ちょっと,ちょっと,"a little, somewhat; just a little, somewhat",N5,Adverb (fukushi),ちょっと？,Do you have a minute?
一日,ついたち,one day; first day of the month,N5,Noun,良い一日を。,Have a nice day.
使う,つかう,to use,N5,Godan verb with 'u' ending,これ使う？,Are you going to use this?
疲れる,つかれる,to get (become) tired; to become fatigued,N5,Ichidan verb,彼はすぐに疲れる。,He gets tired easily.
次,つぎ,next,N5,Noun,次は誰？,Who's next?
着く,つく,"to arrive at, to reach",N5,Godan verb with 'ku' ending,いつ着くの？,When do we arrive?
机,つくえ,desk,N5,Noun,私の机は古い。,My desk is old.
作る,つくる,"to make, to create",N5,Godan verb with 'ru' ending,夕飯、作るね。,I'll make dinner.
つける,つける,"to turn on (e.g., a light); to take",N5,Ichidan verb,格好つけないで。,Don't show off.
勤める,つとめる,to work (for),N5,Ichidan verb,彼は会社に勤めている。,He works at a company.
つまらない,つまらない,"boring, dull; insignificant",N5,I-adjective (keiyoushi),つまらないの？,Are you bored?
冷たい,つめたい,"cold (things, people)",N5,I-adjective (keiyoushi),水は冷たい？,Is the water cold?
強い,つよい,"strong, powerful",N5,I-adjective (keiyoushi),風は強い？,Is it windy?
手,て,hand,N5,Noun,やった！,I did it!
テープ,テープ,tape,N5,Noun,セロハンテープ持ってきて。,Bring sellotape.
テープレコーダー,テープレコーダー,tape recorder,N5,Noun,このテープレコーダーは４万円しました。,"I paid 40,000 yen for this tape recorder."
テーブル,テーブル,table,N5,Noun,テーブルの下よ。,It's under the table.
出かける,でかける,to go out; to depart,N5,Ichidan verb,出かけるの？,Are you going out?
手紙,てがみ,letter,N5,Noun,はい、手紙。,Here's a letter for you.
できる,できる,to be able to (to accomplish),N5,Ichidan verb,できるよ！,You can do it.
出口,でぐち,an exit,N5,Noun,出口を探そう。,Let's find the exit.
テスト,テスト,test,N5,Noun,テスト文です。,This is a test sentence.
では,では,"then, well, so",N5,Conjunction,ではまた明日。,See you again tomorrow.
デパート,デパート,(abbr.) department store,N5,Noun,デパートで買った。,I bought it at a department store.
でも,でも,"but, however",N5,Conjunction,でもなんで？,But why?
出る,でる,"to appear, to leave",N5,Ichidan verb,いつ出る？,When are we leaving?
テレビ,テレビ,"television, TV",N5,Noun,テレビ見てるの？,Are you watching TV?
天気,てんき,weather,N5,Noun,変な天気！,How strange the weather is!
電気,でんき,"electricity, (electric) light",N5,Noun,電気消して。,Put out the light.
電車,でんしゃ,electric train,N5,Noun,電車が来るよ！,The train is coming!
電話,でんわ,a telephone,N5,Noun,電話です。,You are wanted on the phone.
戸,と,door (Japanese style),N5,Noun,戸を閉めろ。,Shut the door.
～度,～ど,counter for occurrences; ~ degree; ~ point,N5,Noun,もう一度？,Again?
ドア,ドア,door (Western style),N5,Noun,ドアを閉めて！,Shut the door.
トイレ,トイレ,bathroom; toilet,N5,Noun,そこはトイレだよ。,That's the bathroom.
どう,どう,"how, in what way",N5,Noun,どう？,How do you like it?
どうして,どうして,"why, for what reason",N5,Adverb (fukushi),どうして？,Why?
どうぞ,どうぞ,"please, kindly, by all means",N5,Adverb (fukushi),どうぞ。,Please.
動物,どうぶつ,animal,N5,Noun,茶色の動物は？,What animal is brown?
どうも,どうも,Thank you; somehow,N5,Adverb / Interjection,どうもありがとうございました！,Thank you very much!
十,(〜を) とお,ten (~),N5,Numeric,人それぞれだね。,Everyone’s different.
遠い,とおい,"far (away), distant",N5,I-adjective (keiyoushi),ここから遠いの？,Is it far from here?
十日,とおか,ten days; tenth day of the month,N5,Noun,明日は十月十日火曜日です。,"Tomorrow is Tuesday, the tenth of October."
～時,～とき,at the time of ~,N5,Noun,何時ごろ？,About what time?
時々,ときどき,sometimes,N5,Adverb (fukushi),時々ＴＶを見る。,I watch TV now and then.
時計,とけい,a watch; a clock,N5,Noun,時計してる？,Are you wearing a watch?
どこ,どこ,"where, what place",N5,Pronoun,どこ？,Where?
所,ところ,place,N5,Noun,台所はどこ？,Where's the kitchen?
年,とし,"year, age",N5,Noun,年末です。,It's the end of the year.
図書館,としょかん,library,N5,Noun,図書館にいるの？,Are you in the library?
どちら,どちら,which (one) (way); where (polite),N5,Pronoun,どちらさまですか？,May I ask who you are?
どっち,どっち,"which one, which way",N5,Pronoun,どっち取る？,Which one do you take?
とても,とても,"very (much), greatly, exceedingly",N5,Adverb (fukushi),とても高い。,It's very high.
どなた,どなた,who,N5,Pronoun,どなた？,Who is it?
隣,となり,"next to, next door to",N5,Noun which may take the genitive case particle 'no',隣どうぞ。,Come sit by my side.
どの,どの,which,N5,Pre-noun adjectival (rentaishi),どの犬が黒い？,Which dog is black?
飛ぶ,とぶ,"to fly, to hop",N5,Godan verb with 'bu' ending,鳥は飛ぶ。,Birds fly.
止まる,とまる,to come to a halt,N5,Godan verb with 'ru' ending,立ち止まらないで。,Don't stop moving.
友達,ともだち,friend,N5,Noun,友達でしょ？,Are you friends?
土曜日,どようび,Saturday,N5,Noun,土曜日だよ。,It is Saturday.
鳥,とり,"chicken (lit., bird)",N5,Noun,一回で二つできる。,Two things done at once.
鶏肉,とりにく,chicken meat,N5,Noun,鶏肉で、何が作れる？,What can you make with chicken?
取る,とる,to take (a class); to get (a grade),N5,Godan verb with 'ru' ending,どっち取る？,Which one do you take?
撮る,とる,"to take (a photo), to make (a film)",N5,Godan verb with 'ru' ending,写真撮るの、好き好き。,I love to take pictures.
どれ,どれ,which one,N5,Pronoun,どれどれ。,Let me see.
どんな,どんな,"what, what kind of",N5,Pre-noun adjectival (rentaishi),どんな方なの？,What is he like?
ない,ない,"there isn't, doesn't have",N5,I-adjective (keiyoushi),危ない！,Look out!
ナイフ,ナイフ,knife,N5,Noun,ナイフがない。,There is a knife missing.
中,なか,"inside, middle, among",N5,Noun,これは古いものだよ。,It's used.
長い,ながい,"long, lengthy",N5,I-adjective (keiyoushi),人生は長い。,Life is good.
鳴く,なく,to make sound (animal),N5,Godan verb with 'ku' ending,鳥は鳴く。,Birds sing.
無くす,なくす,to lose something,N5,Godan verb with 'su' ending,ガソリンがなくなりそう。,We're running out of gas.
なぜ,なぜ,why (same as どうして),N5,Adverb (fukushi),なぜ？,Why?
夏,なつ,summer,N5,Noun,夏だね。,It's summer.
夏休み,なつやすみ,summer vacation,N5,Noun,夏休みはいつから？,When does your summer vacation begin?
～など,～など,et cetera,N5,Particle,魚どう？美味しい？,How's the fish? Is it good?
七つ,ななつ,seven things,N5,Numeric,一つ、二つ、三つ、四つ、五つ、六つ、七つ、八つ、九つ、十。,"One, two, three, four, five, six, seven, eight, nine, ten."
何,なん; なに,what,N5,Pronoun,何？,What?
七日,なのか,seven days; seventh day (of the month),N5,Noun,一週間は七日です。,There are seven days in a week.
名前,なまえ,name,N5,Noun,お名前は？,May I have your name?
習う,ならう,to learn,N5,Godan verb with 'u' ending,習うより慣れろ。,Practice makes perfect.
並ぶ,ならぶ,"to line up, to stand in a line (v.i.)",N5,Godan verb with 'bu' ending,秋の味覚が店頭に並ぶ季節となりました。,It was the time of year when the tastes of autumn were lined up in the storefront.
並べる,ならべる,to put (things) side by side; to line up,N5,Ichidan verb,あれ？並べる順番があべこべだけど、いいの？,"Huh? The order is reversed, is that alright?"
なる,なる,to become,N5,Godan verb with 'ru' ending,なるほど。,I understand.
何～,なん～,what sort of ~,N5,Pronoun,何？,What?
二,に,two,N5,Numeric,一回で二つできる。,Two things done at once.
にぎやか,にぎやか,"bustling, busy",N5,Na-adjective (keiyodoshi),にぎやかなところが好きだ。,I like busy places.
肉,にく,meat,N5,Noun,強い者が勝つ。,The strong win.
西,にし,west,N5,Noun,日は西に沈む。,The sun sets in the west.
～日,～にち,"~ day of the month, for ~ days",N5,Noun,明日暇？,Are you free tomorrow?
日曜日,にちようび,Sunday,N5,Noun,日曜日、暇？,Are you free on Sunday?
荷物,にもつ,luggage; baggage,N5,Noun,荷物見ててね。,Keep an eye on the bags.
ニュース,ニュース,news,N5,Noun,ニュース見ないの？,Haven't you been watching the news?
庭,にわ,garden,N5,Noun,庭いじりは好き？,Do you like gardening?
～人,～にん,counter for people,N5,Noun,あの人誰？,Who is that man?
脱ぐ,ぬぐ,to take off (clothes),N5,Godan verb with 'gu' ending,家に入る時は、靴を脱ぐよ。,I take off my shoes when I go in my house.
温い,ぬるい,lukewarm,N5,I-adjective (keiyoushi),ここはちょっと温いですね？,"It's a bit warm in here, isn't it?"
ネクタイ,ネクタイ,"tie, necktie",N5,Noun,ネクタイは？,Where is your tie?
猫,ねこ,cat,N5,Noun,猫だ！,Cat!
寝る,ねる,to sleep; to go to sleep; to go to bed,N5,Ichidan verb,寝るぞ！,I'm going to bed.
～年,～ねん,~ years,N5,Noun,年末です。,It's the end of the year.
ノート,ノート,notebook,N5,Noun,ノートは収めて。,Put your notebook away.
登る,のぼる,to climb,N5,Godan verb with 'ru' ending,塀に登るな。,Don't climb up the wall.
飲み物,のみもの,"drink, beverage",N5,Noun,飲み物いる？,Want something to drink?
飲む,のむ,to drink,N5,Godan verb with 'mu' ending,何か飲む？,Want a drink?
乗る,のる,"to get on, to ride in, to board",N5,Godan verb with 'ru' ending,調子に乗らないで。,Don't push your luck.
歯,は,tooth,N5,Noun,歯が痛い。,I've got a toothache.
パーティー,パーティー,a party,N5,Noun,パーティー楽しめた？,How did you enjoy the party?
はい,はい,yes,N5,Noun,入れ！,Come in.
～杯,～はい,counter for cupfuls,N5,Counter,ビールを一杯ください。,"One glass of beer, please."
灰皿,はいざら,ashtray,N5,Noun,灰皿を下さい。,I need an ashtray.
入る,はいる,"to enter, to contain, to hold",N5,Godan verb with 'ru' ending,入るな。,Stay outside.
葉書,はがき,postcard,N5,Noun,トムが葉書を送ったよ。,Tom sent me a postcard.
はく,はく,to put on (items below your waist),N5,Godan verb with 'ku' ending,綺麗な人は大変だね。,Beautiful people have it tough.
箱,はこ,box,N5,Noun,箱がある。,There is a box.
橋,はし,bridge,N5,Noun,橋は石造りだ。,The bridge is made of stone.
箸,はし,chopsticks,N5,Noun,お箸が苦手なの。,I'm not very good with chopsticks.
始まる,はじまる,(something) begins,N5,Godan verb with 'ru' ending,始まる！,It begins!
初め; 始め,はじめ,"beginning, start",N5,Noun,社会人になって、初めて人生が始まる。,Life begins when you enter society.
初めて,はじめて,for the first time,N5,Adverb (fukushi),初めて来たの？,Is this the first time you've been here?
走る,はしる,to run,N5,Godan verb with 'ru' ending,彼は走る。,He runs.
バス,バス,bus; bath; bass,N5,Noun,バスケ上手？,Are you good at basketball?
バター,バター,butter,N5,Noun,バターはどこ？,Where's the butter?
二十歳,はたち,20 years old,N5,Noun,ローリーは二十歳だ。,Laurie is twenty years old.
働く,はたらく,to work,N5,Godan verb with 'ku' ending,働かないとだめだ。,We have to work.
八,はち,eight,N5,Numeric,夜の八時です。,It's eight o'clock at night.
二十日,はつか,"twenty days, twentieth (day of the month)",N5,Noun,今日は金曜日、十月二十日だ。,"Today is Friday, the twentieth of October."
花,はな,flower,N5,Noun,これは花？,This is a flower?
鼻,はな,nose,N5,Noun,鼻声だね。,You are talking through the nose.
話,はなし,"talk (chat), story",N5,Noun,話せよ！,Talk to me!
話す,はなす,to speak,N5,Godan verb with 'su' ending,話す。,To talk.
母,はは,(my) mother,N5,Noun,母に似ているよ。,I look like my mother.
早い,はやい,early,N5,I-adjective (keiyoushi),彼は動きが速いね。,He moves quickly.
速い,はやい,"fast, quick",N5,I-adjective (keiyoushi),車は速いな。,The car is fast.
春,はる,spring,N5,Noun,春はいいね。,Spring is nice.
貼る,はる,to post; to paste; to attach,N5,Godan verb with 'ru' ending,手紙に切手を貼るのを忘れないでね。,Don't forget to put stamps on the letters.
晴れ,はれ,clear (sunny) weather,N5,Noun,晴れそうだ。,The sky is likely to clear up.
晴れる,はれる,to be sunny,N5,Ichidan verb,晴れるのかなあ？,I wonder if it will be nice.
半,はん,"half (e.g., にじはん | half-past two)",N5,"Noun, used as a prefix",半分よこせ。,Give me half of it.
晩,ばん,evening,N5,Noun,今晩暇かな？,Are you free tonight?
～番,～ばん,~st; ~th best,N5,Noun,私の番？,Is it my turn?
パン,パン,bread,N5,Noun,きみはパンダ。,You are a panda.
ハンカチ,ハンカチ,handkerchief,N5,Noun,彼はハンカチを取り出した。,He took out his handkerchief.
番号,ばんごう,"number, series of digits",N5,Noun,電話番号、何番？,What's the number?
晩御飯,ばんごはん,"dinner, evening meal",N5,Noun,僕らは晩御飯の後散歩に出た。,We went out for a walk after dinner.
半分,はんぶん,half,N5,Adverb (fukushi),半分よこせ。,Give me half of it.
東,ひがし,east,N5,Noun,東京駅にいるよ。,I'm at Tokyo Station now.
～匹,～ひき,counter for small animals,N5,Counter,犬が一匹欲しい。,I want a puppy.
引く,ひく,"to pull, to draw; subtract",N5,Godan verb with 'ku' ending,風邪引くよ。,You'll catch a cold.
弾く,ひく,to play (a string instrument or piano),N5,Godan verb with 'ku' ending,どんな曲を弾くの？,What kind of music do you play?
低い,ひくい,"short, low",N5,I-adjective (keiyoushi),トムは声が低い。,Tom has a low-pitched voice.
飛行機,ひこうき,airplane,N5,Noun,紙飛行機だよ。,I made a paper plane.
左,ひだり,left hand side,N5,Noun,左折して。,Turn to the left.
人,ひと,"man, person",N5,Noun,あの人誰？,Who is that man?
一つ,ひとつ,one thing,N5,Numeric,一つは青。,One is blue.
一月,ひとつき,one month,N5,Noun,一月に彼に会いました。,I met him in January.
一人,ひとり,one person,N5,Noun,一人だ。,I'm alone.
暇,ひま,"free time, leisure",N5,Noun,いま暇？,Are you free now?
百,ひゃく,hundred,N5,Numeric,大差ないね。,There’s not much difference.
病院,びょういん,hospital,N5,Noun,病院に行けよ。,Go to the hospital.
病気,びょうき,illness; sickness,N5,Noun,病気です。,I'm sick.
平仮名,ひらがな,hiragana,N5,Noun,平仮名は書けるんだけど、片仮名はまだ書けないんだ。,"I can write hiragana, but I can't yet write katakana."
昼,ひる,"noon, daytime",N5,Noun,お昼にね。,See you at lunch.
昼御飯,ひるごはん,"lunch, midday meal",N5,Noun,昼御飯にカレーを食べました。,I ate curry for lunch.
広い,ひろい,spacious; wide; broad,N5,I-adjective (keiyoushi),広いな！,"God, this place is huge!"
フィルム,フィルム,film (roll of),N5,Noun,フィルムが切れた。,My film has run out.
封筒,ふうとう,envelope,N5,Noun,封筒がいる。,I need an envelope.
プール,プール,swimming pool,N5,Noun,プールがあるの？,Do you have a pool?
フォーク,フォーク,fork,N5,Noun,フォークを下さい。,I'd like a fork.
吹く,ふく,"to blow (wind, etc.)",N5,Godan verb with 'ku' ending,風が吹く。,The wind blows.
服,ふく,clothes,N5,Noun,制服はあるの？,Do you have a school uniform?
二つ,ふたつ,two things,N5,Numeric,二つに折らないで。,Don't fold it in half.
豚肉,ぶたにく,pork,N5,Noun,豚肉は私には合わない。,Pork doesn't agree with me.
二人,ふたり,two people,N5,Noun,お二人の間柄は？,How are you related?
二日,ふつか,two days; second day of the month,N5,Noun,お酒を飲みすぎた。,I drank too much.
太い,ふとい,"fat, thick",N5,I-adjective (keiyoushi),トムは首が太いんだ。,Tom has a thick neck.
冬,ふゆ,winter,N5,Noun,冬は去った。,Winter has gone.
降る,ふる,"to precipitate, to fall (e.g., rain, snow, etc.)",N5,Godan verb with 'ru' ending,雪が降る。,It's snowing.
古い,ふるい,"old (in reference to objects, not people), aged, ancient",N5,I-adjective (keiyoushi),母は考え方が古いね。,My mom's way of thinking is old-fashioned.
～分,～ふん,~ minutes,N5,Noun,分かった？,Is that clear?
文章,ぶんしょう,"sentence, text",N5,Noun,彼は文章がうまい。,He is a good writer.
ページ,ページ,a page,N5,Noun,何ページ？,What page?
下手,へた,"unskillful, poor",N5,Na-adjective (keiyodoshi),彼は字が下手だ。,His handwriting is poor.
ベッド,ベッド,bed,N5,Noun,ベッドへいけ。,Get to bed.
ペット,ペット,pet,N5,Noun,何かペットは飼ってる？,Do you have a pet?
部屋,へや,a room,N5,Noun,部屋が暑い。,The room is hot.
辺,へん,"area, vicinity",N5,Noun,ここら辺の人？,Does she live round here?
ペン,ペン,pen,N5,Noun,ペンはある？,Do you have a pen?
勉強,べんきょう (する),study,N5,Noun,勉強する。,I will study.
便利,べんり,"convenient, handy",N5,Na-adjective (keiyodoshi),そりゃ便利だね。,That comes in handy.
帽子,ぼうし,hat; cap,N5,Noun,君の帽子はどれ？,Which hat is yours?
ボールペン,ボールペン,ball-point pen,N5,Noun,これはボールペン。,This is a pen.
外,ほか,"other, the rest",N5,Noun,外見て！,Look outside!
ポケット,ポケット,pocket,N5,Noun,ポケットを見せろ。,Show me your pockets.
欲しい,ほしい,"to want, in need of",N5,I-adjective (keiyoushi),これ欲しい？,Do you want this?
ポスト,ポスト,"mailbox; post, position",N5,Noun,ポスト争いは厳しい。,Competition for the position is very intense.
細い,ほそい,"thin, slender, fine",N5,I-adjective (keiyoushi),心細いの。,I'm lonely.
ボタン,ボタン,button,N5,Noun,ボタンを押す。,Press the button.
ホテル,ホテル,hotel,N5,Noun,今、ホテル。,I'm at the hotel.
本,ほん,book,N5,Noun,本当？,Are you sure?
～本,～ほん,counter for long cylindrical things,N5,Noun,本当？,Are you sure?
本棚,ほんだな,bookshelf,N5,Noun,ジョンは本棚を作った。,John built a bookcase.
本当,ほんとう,"real, true",N5,Noun,本当？,Are you sure?
～枚,～まい,counter for flat things,N5,Counter,彼はかっこいい。,He is handsome.
毎朝,まいあさ,every morning,N5,Noun,父は毎朝散歩する。,My father takes a walk every morning.
毎月,まいげつ; まいつき,"every month, monthly",N5,Adverb (fukushi),毎月給料をもらいます。,I get paid every month.
毎週,まいしゅう,every week,N5,Noun,彼は毎週車を洗います。,He washes the car every week.
毎日,まいにち,every day,N5,Noun,平凡な毎日さ。,I live an ordinary life.
毎年,まいねん; まいとし,"every year, yearly, annually",N5,Adverb (fukushi),毎年行きます。,I go every year.
毎晩,まいばん,every night,N5,Noun,毎晩電話するよ。,I'll give you a ring every night.
前,まえ,"before, in front",N5,"Noun, used as a prefix",お名前は？,May I have your name?
～前,～まえ,in front of ~,N5,"Noun, used as a prefix",お名前は？,May I have your name?
曲る,まがる,"to turn, to bend",N5,Godan verb with 'ru' ending,この曲知ってる？,Do you know this tune?
まずい,まずい,"terrible (in reference to food), unappetizing, unpleasant (taste)",N5,I-adjective (keiyoushi),魚は不味い。,The fish doesn't taste good.
また,また,and; furthermore,N5,Adverb (fukushi),また！,Again!
まだ,まだ,"yet, still, besides",N5,Adverb (fukushi),まだ寒い？,Are you still cold?
町,まち,town; city,N5,Noun,広い町ね！,What a large town!
待つ,まつ,to wait,N5,Godan verb with 'tsu' ending,待つな。,Don't wait.
まっすぐ,まっすぐ,"straight (ahead), direct",N5,Na-adjective (keiyodoshi),まっすぐ行って。,Go straight ahead.
マッチ,マッチ,match,N5,Noun,マッチありますか。,Have you got a match?
窓,まど,window,N5,Noun,窓を閉めて。,Close the window.
丸い; 円い,まるい,"round, circular",N5,I-adjective (keiyoushi),お月さまが丸く見えるね。,The moon looks round.
万,まん,ten thousand,N5,Numeric,万歳！,Hooray!
万年筆,まんねんひつ,fountain pen,N5,Noun,万年筆って持ってる？,Do you have a fountain pen?
磨く,みがく,to brush (teeth); to polish,N5,Godan verb with 'ku' ending,男の人は歯を磨く。,The man brushes his teeth.
右,みぎ,right hand side,N5,Noun,回れ右！,About face!
短い,みじかい,short (length),N5,I-adjective (keiyoushi),人生は短い。,Life is short.
水,みず,water,N5,Noun,水をくれ！,Give me water!
店,みせ,"store, shop",N5,Noun,店内で。,"For here, please."
見せる,みせる,"to show, to display",N5,Ichidan verb,喜怒哀楽を見せるな。,Don't let your feelings show.
道,みち,"road, street; way, directions",N5,Noun,一人より一緒のほうが楽しい。,It's more fun with company.
三日,みっか,"three days, third day of the month",N5,Noun,切符は三日間有効だ。,The ticket holds good for three days.
三つ,みっつ,three things,N5,Numeric,子供のころの性格は変わらない。,A person's nature rarely changes.
緑,みどり,green,N5,Noun,緑茶飲む？,Do you drink green tea?
皆さん,みなさん,"all of you, everyone",N5,Noun,皆さんはお元気？,How is everyone?
南,みなみ,South,N5,Noun,南駅はどこですか？,Where is the South Station?
耳,みみ,ear,N5,Noun,初耳だ。,That's news to me.
見る,みる,"to see, to look",N5,Ichidan verb,この番組見る？,Do you want to watch this program?
みんな,みんな,"all, everyone, everybody",N5,Noun,みんな嫌い。,I don't like any of them.
六日,むいか,six days; sixth day of month,N5,Noun,トムは、六日間だけ迷子の犬を預かることにしました。,Tom only looked after the stray for 6 days.
向こう,むこう,"beyond, over there",N5,Noun,向こうへ行け！,Get away!
難しい,むずかしい,difficult,N5,I-adjective (keiyoushi),難しいわ。,It's so hard.
六つ,むっつ,six things,N5,Numeric,一つ、二つ、三つ、四つ、五つ、六つ、七つ、八つ、九つ、十。,"One, two, three, four, five, six, seven, eight, nine, ten."
村,むら,village,N5,Noun,この村は何ていうの？,What's the name of this village?
目,め,eye(s),N5,Noun,目が痛い！,My eyes hurt!
メートル,メートル,meter,N5,Noun,"1,000mは1kmです。",A thousand meters is one kilometer.
眼鏡,めがね,eye glasses,N5,Noun,私の眼鏡はどこ？,Where are my glasses?
もう,もう,already; again; more,N5,Adverb (fukushi),もう。,Not again.
木曜日,もくようび,Thursday,N5,Noun,今日は木曜日です。,Today is Thursday.
もしもし,もしもし,Hello? (used on the phone),N5,Interjection,もしもし、田中さんですか？,"Hello, is this Tanaka-san?"
持つ,もつ,"to hold, to carry; to possess",N5,Godan verb with 'tsu' ending,それ持つよ。,Let me carry that for you.
もっと,もっと,more,N5,Adverb (fukushi),もっと見たい？,Do you want to see more?
物,もの,thing (concrete object),N5,Noun,食べ物！,Food!
門,もん,gate,N5,Noun,門限何時？,What time is your curfew?
問題,もんだい,a problem,N5,Noun,問題なし。,No problem.
～屋,～や,~ shop,N5,Noun,餅は餅屋。,Every man for his own trade.
八百屋,やおや,greengrocer,N5,Noun,果物や野菜は八百屋で買ってるよ。,I buy my fruits and vegetables at the greengrocer's.
野菜,やさい,vegetable,N5,Noun,野菜を食べたら？,Why don't you eat some vegetables?
易しい,やさしい,"easy, plain, simple",N5,I-adjective (keiyoushi),その本は易しい。,The book is easy.
安い,やすい,inexpensive; cheap (things),N5,I-adjective (keiyoushi),安いね。,"That's cheap, isn't it?"
休み,やすみ,holiday; day off; absence,N5,Noun,休みたい。,I want to rest.
休む,やすむ,"to rest, to have a break, to get time off",N5,Godan verb with 'mu' ending,年中無休です。,It's open every day of the year.
八つ,やっつ,eight things,N5,Numeric,彼女は八つだ。,She is eight.
山,やま,mountain,N5,Noun,山国です。,It's a very mountainous country.
やる,やる,"to do; to give (to pets, parents, siblings, etc.)",N5,Godan verb with 'ru' ending,やるよ。,I'll do it.
夕方,ゆうがた,"late afternoon (typically just before dinner time), evening",N5,Noun,夕方の五時です。,It's five in the evening.
夕飯,ゆうはん,"dinner, supper, evening meal",N5,Noun,夕飯いつ？,When's dinner?
郵便局,ゆうびんきょく,post office,N5,Noun,郵便局に行くの？,Are you going to the post office?
昨夜,ゆうべ,last night,N5,Noun,昨夜はごめん。,I'm sorry about last night.
有名,ゆうめい,famous,N5,Na-adjective (keiyodoshi),有名な曲よ。,It's a famous song.
雪,ゆき,snow,N5,Noun,あ、雪だ！,Ah! Snow!
ゆっくりと,ゆっくりと,"slowly, at ease",N5,Adverb (fukushi),ゆっくりと急げ。,Hurry slowly.
八日,ようか,eight days; eighth day of the month,N5,Noun,日本では、八月八日はヒゲの日です。,August 8th is Beard Day in Japan.
洋服,ようふく,Western-style clothes,N5,Noun,お洋服着ましょうね。,Let's get you dressed.
よく,よく,"frequently, often (much); well, skillfully",N5,Adverb (fukushi),よく寝た？,Did you sleep well?
横,よこ,beside; side; width,N5,Noun,横に座って。,Sit beside me.
四日,よっか,four days; fourth day of the month,N5,Noun,雨は四日間降り続いた。,The rain lasted four days.
四つ,よっつ,four things,N5,Numeric,見て！四つ葉！,Look! A four-leafed clover!
呼ぶ,よぶ,to call (one's name); to invite,N5,Godan verb with 'bu' ending,警察を呼ぶ気？,Are you going to call the police?
読む,よむ,to read,N5,Godan verb with 'mu' ending,そんな本読むな。,Do not read such a book.
夜,よる,"evening, night",N5,Noun,夜です。,It's night.
弱い,よわい,weak,N5,I-adjective (keiyoushi),トムは弱い。,Tom's weak.
来月,らいげつ,next month,N5,Noun,再来月は１２月だ。,The month after next is December.
来週,らいしゅう,next week,N5,Noun,また来週！,See you next week!
来年,らいねん,next year,N5,Noun,来年は卯年だ。,Next year is the year of the rabbit.
ラジオ,ラジオ,radio,N5,Noun,ラジオ、切った？,Did you turn off the radio?
ラジオカセ,ラジオカセ,radio cassette player,N5,Noun,ラジオカセで音楽を聞きます。,I listen to music on the radio cassette player.
りっぱ,りっぱ,"splendid, fine",N5,Na-adjective (keiyodoshi),立派ですね。,It's magnificent.
留学生,りゅうがくせい,international student,N5,Noun,留学生の方ですか？,Are you an exchange student?
両親,りょうしん,"parents (lit., both parents)",N5,Noun,両親が離婚した。,My parents got divorced.
料理,りょうり,cooking; cuisine,N5,Noun,料理は得意？,Are you a good cook?
旅行,りょこう,"travel, trip",N5,Noun,旅行は好き？,Do you like to travel?
零,れい,"zero, nought",N5,Noun,今は零下１０度だ。,It is ten degrees below zero now.
冷蔵庫,れいぞうこ,refrigerator,N5,Noun,冷蔵庫、空っぽ！,The fridge is empty!
レコード,レコード,record,N5,Noun,昨晩はレコードを聴きました。,I listened to some records last night.
レストラン,レストラン,restaurant,N5,Noun,レストランはどこですか？,Where is the restaurant?
練習,れんしゅう (する),(to) practice,N5,Noun,練習は熟達の道。,Practice makes perfect.
廊下,ろうか,corridor,N5,Noun,廊下に箱がある。,There’s a box in the hall.
六,ろく,six,N5,Numeric,六十の手習い。,It is never too late to learn.
ワイシャツ,ワイシャツ,"shirt (lit: white shirt), business shirt",N5,Noun,俺の白のワイシャツ、どこ？,Where's my white dress shirt?
若い,わかい,young,N5,I-adjective (keiyoushi),僕は若い。,I'm young.
分かる,わかる,to understand,N5,Godan verb with 'ru' ending,分かる。,I understand.
忘れる,わすれる,to forget,N5,Ichidan verb,死を忘れないで。,Don't forget about death.
私,わたし,"I, myself",N5,Pronoun,私よ！,It's me!
私,わたくし,"I (formal), myself, private affairs",N5,Pronoun,私よ！,It's me!
渡す,わたす,to hand (something) over (v.t.); to get across,N5,Godan verb with 'su' ending,君に渡す物がある。,I have something to give you.
渡る,わたる,"to cross over, to go across",N5,Godan verb with 'ru' ending,この橋を渡るの？,Are we going to cross this bridge?
悪い,わるい,"bad, sinful; inferior",N5,I-adjective (keiyoushi),いけない子ね！,You're being naughty!
